utc_date,shift_type,shift_type_ordinal,headcount,day_of_week,day_of_month,month,is_weekend,is_holiday,headcount_same_slot_1d_ago,headcount_same_slot_7d_ago,headcount_same_slot_28d_ago,avg_headcount_last_4_same_slots
2025-01-01,day,0,3,2,1,1,0,0,,,,3.0
2025-01-01,evening,1,1,2,1,1,0,0,,,,1.0
2025-01-01,night,2,0,2,1,1,0,0,,,,0.0
2025-01-02,day,0,7,3,2,1,0,0,,,,5.0
2025-01-02,evening,1,0,3,2,1,0,0,,,,0.5
2025-01-02,night,2,0,3,2,1,0,0,,,,0.0
2025-01-03,day,0,9,4,3,1,0,0,,,,6.333333333333333
2025-01-03,evening,1,0,4,3,1,0,0,,,,0.3333333333333333
2025-01-03,night,2,0,4,3,1,0,0,,,,0.0
2025-01-04,day,0,2,5,4,1,1,0,3.0,,,5.25
2025-01-04,evening,1,1,5,4,1,1,0,1.0,,,0.5
2025-01-04,night,2,0,5,4,1,1,0,0.0,,,0.0
2025-01-05,day,0,2,6,5,1,1,0,7.0,,,5.0
2025-01-05,evening,1,1,6,5,1,1,0,0.0,,,0.5
2025-01-05,night,2,0,6,5,1,1,0,0.0,,,0.0
2025-01-06,day,0,6,0,6,1,0,0,9.0,,,4.75
2025-01-06,evening,1,1,0,6,1,0,0,0.0,,,0.75
2025-01-06,night,2,0,0,6,1,0,0,0.0,,,0.0
2025-01-07,day,0,6,1,7,1,0,0,2.0,,,4.0
2025-01-07,evening,1,2,1,7,1,0,0,1.0,,,1.25
2025-01-07,night,2,0,1,7,1,0,0,0.0,,,0.0
2025-01-08,day,0,9,2,8,1,0,0,2.0,,,5.75
2025-01-08,evening,1,2,2,8,1,0,0,1.0,,,1.5
2025-01-08,night,2,0,2,8,1,0,0,0.0,,,0.0
2025-01-09,day,0,8,3,9,1,0,0,6.0,,,7.25
2025-01-09,evening,1,2,3,9,1,0,0,1.0,,,1.75
2025-01-09,night,2,0,3,9,1,0,0,0.0,,,0.0
2025-01-10,day,0,7,4,10,1,0,0,6.0,,,7.5
2025-01-10,evening,1,1,4,10,1,0,0,2.0,,,1.75
2025-01-10,night,2,0,4,10,1,0,0,0.0,,,0.0
2025-01-11,day,0,2,5,11,1,1,0,9.0,,,6.5
2025-01-11,evening,1,1,5,11,1,1,0,2.0,,,1.5
2025-01-11,night,2,0,5,11,1,1,0,0.0,,,0.0
2025-01-12,day,0,2,6,12,1,1,0,8.0,,,4.75
2025-01-12,evening,1,1,6,12,1,1,0,2.0,,,1.25
2025-01-12,night,2,0,6,12,1,1,0,0.0,,,0.0
2025-01-13,day,0,8,0,13,1,0,0,7.0,,,4.75
2025-01-13,evening,1,1,0,13,1,0,0,1.0,,,1.0
2025-01-13,night,2,0,0,13,1,0,0,0.0,,,0.0
2025-01-14,day,0,10,1,14,1,0,0,2.0,,,5.5
2025-01-14,evening,1,2,1,14,1,0,0,1.0,,,1.25
2025-01-14,night,2,0,1,14,1,0,0,0.0,,,0.0
2025-01-15,day,0,10,2,15,1,0,0,2.0,,,7.5
2025-01-15,evening,1,1,2,15,1,0,0,1.0,,,1.25
2025-01-15,night,2,0,2,15,1,0,0,0.0,,,0.0
2025-01-16,day,0,10,3,16,1,0,0,8.0,,,9.5
2025-01-16,evening,1,0,3,16,1,0,0,1.0,,,1.0
2025-01-16,night,2,0,3,16,1,0,0,0.0,,,0.0
2025-01-17,day,0,7,4,17,1,0,0,10.0,,,9.25
2025-01-17,evening,1,0,4,17,1,0,0,2.0,,,0.75
2025-01-17,night,2,0,4,17,1,0,0,0.0,,,0.0
2025-01-18,day,0,1,5,18,1,1,0,10.0,,,7.0
2025-01-18,evening,1,1,5,18,1,1,0,1.0,,,0.5
2025-01-18,night,2,0,5,18,1,1,0,0.0,,,0.0
2025-01-19,day,0,2,6,19,1,1,0,10.0,,,5.0
2025-01-19,evening,1,1,6,19,1,1,0,0.0,,,0.5
2025-01-19,night,2,0,6,19,1,1,0,0.0,,,0.0
2025-01-20,day,0,9,0,20,1,0,0,7.0,,,4.75
2025-01-20,evening,1,1,0,20,1,0,0,0.0,,,0.75
2025-01-20,night,2,0,0,20,1,0,0,0.0,,,0.0
2025-01-21,day,0,10,1,21,1,0,0,1.0,,,5.5
2025-01-21,evening,1,1,1,21,1,0,0,1.0,,,1.0
2025-01-21,night,2,0,1,21,1,0,0,0.0,,,0.0
2025-01-22,day,0,10,2,22,1,0,0,2.0,3.0,,7.75
2025-01-22,evening,1,1,2,22,1,0,0,1.0,1.0,,1.0
2025-01-22,night,2,0,2,22,1,0,0,0.0,0.0,,0.0
2025-01-23,day,0,9,3,23,1,0,0,9.0,7.0,,9.5
2025-01-23,evening,1,1,3,23,1,0,0,1.0,0.0,,1.0
2025-01-23,night,2,0,3,23,1,0,0,0.0,0.0,,0.0
2025-01-24,day,0,8,4,24,1,0,0,10.0,9.0,,9.25
2025-01-24,evening,1,1,4,24,1,0,0,1.0,0.0,,1.0
2025-01-24,night,2,0,4,24,1,0,0,0.0,0.0,,0.0
2025-01-25,day,0,1,5,25,1,1,0,10.0,2.0,,7.0
2025-01-25,evening,1,1,5,25,1,1,0,1.0,1.0,,1.0
2025-01-25,night,2,0,5,25,1,1,0,0.0,0.0,,0.0
2025-01-26,day,0,1,6,26,1,1,0,9.0,2.0,,4.75
2025-01-26,evening,1,1,6,26,1,1,0,1.0,1.0,,1.0
2025-01-26,night,2,0,6,26,1,1,0,0.0,0.0,,0.0
2025-01-27,day,0,8,0,27,1,0,0,8.0,6.0,,4.5
2025-01-27,evening,1,1,0,27,1,0,0,1.0,1.0,,1.0
2025-01-27,night,2,0,0,27,1,0,0,0.0,0.0,,0.0
2025-01-28,day,0,9,1,28,1,0,0,1.0,6.0,,4.75
2025-01-28,evening,1,1,1,28,1,0,0,1.0,2.0,,1.0
2025-01-28,night,2,0,1,28,1,0,0,0.0,0.0,,0.0
2025-01-29,day,0,9,2,29,1,0,0,1.0,9.0,,6.75
2025-01-29,evening,1,1,2,29,1,0,0,1.0,2.0,,1.0
2025-01-29,night,2,0,2,29,1,0,0,0.0,0.0,,0.0
2025-01-30,day,0,7,3,30,1,0,0,8.0,8.0,,8.25
2025-01-30,evening,1,1,3,30,1,0,0,1.0,2.0,,1.0
2025-01-30,night,2,0,3,30,1,0,0,0.0,0.0,,0.0
2025-01-31,day,0,6,4,31,1,0,0,9.0,7.0,,7.75
2025-01-31,evening,1,1,4,31,1,0,0,1.0,1.0,,1.0
2025-01-31,night,2,0,4,31,1,0,0,0.0,0.0,,0.0
2025-02-01,day,0,2,5,1,2,1,0,9.0,2.0,,6.0
2025-02-01,evening,1,1,5,1,2,1,0,1.0,1.0,,1.0
2025-02-01,night,2,0,5,1,2,1,0,0.0,0.0,,0.0
2025-02-02,day,0,2,6,2,2,1,0,7.0,2.0,,4.25
2025-02-02,evening,1,1,6,2,2,1,0,1.0,1.0,,1.0
2025-02-02,night,2,0,6,2,2,1,0,0.0,0.0,,0.0
2025-02-03,day,0,9,0,3,2,0,0,6.0,8.0,,4.75
2025-02-03,evening,1,1,0,3,2,0,0,1.0,1.0,,1.0
2025-02-03,night,2,0,0,3,2,0,0,0.0,0.0,,0.0
2025-02-04,day,0,10,1,4,2,0,0,2.0,10.0,,5.75
2025-02-04,evening,1,1,1,4,2,0,0,1.0,2.0,,1.0
2025-02-04,night,2,0,1,4,2,0,0,0.0,0.0,,0.0
2025-02-05,day,0,10,2,5,2,0,0,2.0,10.0,,7.75
2025-02-05,evening,1,1,2,5,2,0,0,1.0,1.0,,1.0
2025-02-05,night,2,0,2,5,2,0,0,0.0,0.0,,0.0
2025-02-06,day,0,8,3,6,2,0,0,9.0,10.0,,9.25
2025-02-06,evening,1,1,3,6,2,0,0,1.0,0.0,,1.0
2025-02-06,night,2,0,3,6,2,0,0,0.0,0.0,,0.0
2025-02-07,day,0,7,4,7,2,0,0,10.0,7.0,,8.75
2025-02-07,evening,1,1,4,7,2,0,0,1.0,0.0,,1.0
2025-02-07,night,2,0,4,7,2,0,0,0.0,0.0,,0.0
2025-02-08,day,0,2,5,8,2,1,0,10.0,1.0,,6.75
2025-02-08,evening,1,1,5,8,2,1,0,1.0,1.0,,1.0
2025-02-08,night,2,0,5,8,2,1,0,0.0,0.0,,0.0
2025-02-09,day,0,2,6,9,2,1,0,8.0,2.0,,4.75
2025-02-09,evening,1,1,6,9,2,1,0,1.0,1.0,,1.0
2025-02-09,night,2,0,6,9,2,1,0,0.0,0.0,,0.0
2025-02-10,day,0,8,0,10,2,0,0,7.0,9.0,,4.75
2025-02-10,evening,1,2,0,10,2,0,0,1.0,1.0,,1.25
2025-02-10,night,2,0,0,10,2,0,0,0.0,0.0,,0.0
2025-02-11,day,0,9,1,11,2,0,0,2.0,10.0,,5.25
2025-02-11,evening,1,2,1,11,2,0,0,1.0,1.0,,1.5
2025-02-11,night,2,0,1,11,2,0,0,0.0,0.0,,0.0
2025-02-12,day,0,9,2,12,2,0,0,2.0,10.0,,7.0
2025-02-12,evening,1,2,2,12,2,0,0,1.0,1.0,,1.75
2025-02-12,night,2,0,2,12,2,0,0,0.0,0.0,,0.0
2025-02-13,day,0,8,3,13,2,0,0,8.0,9.0,,8.5
2025-02-13,evening,1,2,3,13,2,0,0,2.0,1.0,,2.0
2025-02-13,night,2,0,3,13,2,0,0,0.0,0.0,,0.0
2025-02-14,day,0,6,4,14,2,0,0,9.0,8.0,,8.0
2025-02-14,evening,1,1,4,14,2,0,0,2.0,1.0,,1.75
2025-02-14,night,2,0,4,14,2,0,0,0.0,0.0,,0.0
2025-02-15,day,0,1,5,15,2,1,0,9.0,1.0,,6.0
2025-02-15,evening,1,0,5,15,2,1,0,2.0,1.0,,1.25
2025-02-15,night,2,1,5,15,2,1,0,0.0,0.0,,0.25
2025-02-16,day,0,2,6,16,2,1,0,8.0,1.0,,4.25
2025-02-16,evening,1,0,6,16,2,1,0,2.0,1.0,,0.75
2025-02-16,night,2,0,6,16,2,1,0,0.0,0.0,,0.25
2025-02-17,day,0,2,0,17,2,0,0,6.0,8.0,,2.75
2025-02-17,evening,1,2,0,17,2,0,0,1.0,1.0,,0.75
2025-02-17,night,2,0,0,17,2,0,0,0.0,0.0,,0.25
2025-02-18,day,0,9,1,18,2,0,0,1.0,9.0,,3.5
2025-02-18,evening,1,2,1,18,2,0,0,0.0,1.0,,1.0
2025-02-18,night,2,0,1,18,2,0,0,1.0,0.0,,0.25
2025-02-19,day,0,9,2,19,2,0,0,2.0,9.0,,5.5
2025-02-19,evening,1,2,2,19,2,0,0,0.0,1.0,,1.5
2025-02-19,night,2,0,2,19,2,0,0,0.0,0.0,,0.0
2025-02-20,day,0,8,3,20,2,0,0,2.0,7.0,,7.0
2025-02-20,evening,1,2,3,20,2,0,0,2.0,1.0,,2.0
2025-02-20,night,2,0,3,20,2,0,0,0.0,0.0,,0.0
2025-02-21,day,0,7,4,21,2,0,0,9.0,6.0,,8.25
2025-02-21,evening,1,2,4,21,2,0,0,2.0,1.0,,2.0
2025-02-21,night,2,0,4,21,2,0,0,0.0,0.0,,0.0
2025-02-22,day,0,2,5,22,2,1,0,9.0,2.0,,6.5
2025-02-22,evening,1,0,5,22,2,1,0,2.0,1.0,,1.5
2025-02-22,night,2,0,5,22,2,1,0,0.0,0.0,,0.0
2025-02-23,day,0,2,6,23,2,1,0,8.0,2.0,,4.75
2025-02-23,evening,1,0,6,23,2,1,0,2.0,1.0,,1.0
2025-02-23,night,2,0,6,23,2,1,0,0.0,0.0,,0.0
2025-02-24,day,0,9,0,24,2,0,0,7.0,9.0,,5.0
2025-02-24,evening,1,1,0,24,2,0,0,2.0,1.0,,0.75
2025-02-24,night,2,0,0,24,2,0,0,0.0,0.0,,0.0
2025-02-25,day,0,10,1,25,2,0,0,2.0,10.0,,5.75
2025-02-25,evening,1,1,1,25,2,0,0,0.0,1.0,,0.5
2025-02-25,night,2,0,1,25,2,0,0,0.0,0.0,,0.0
2025-02-26,day,0,10,2,26,2,0,0,2.0,10.0,,7.75
2025-02-26,evening,1,1,2,26,2,0,0,0.0,1.0,,0.75
2025-02-26,night,2,0,2,26,2,0,0,0.0,0.0,,0.0
2025-02-27,day,0,8,3,27,2,0,0,9.0,8.0,,9.25
2025-02-27,evening,1,1,3,27,2,0,0,1.0,1.0,,1.0
2025-02-27,night,2,0,3,27,2,0,0,0.0,0.0,,0.0
2025-02-28,day,0,7,4,28,2,0,0,10.0,7.0,,8.75
2025-02-28,evening,1,1,4,28,2,0,0,1.0,1.0,,1.0
2025-02-28,night,2,0,4,28,2,0,0,0.0,0.0,,0.0
2025-03-01,day,0,2,5,1,3,1,0,10.0,2.0,,6.75
2025-03-01,evening,1,1,5,1,3,1,0,1.0,1.0,,1.0
2025-03-01,night,2,0,5,1,3,1,0,0.0,0.0,,0.0
2025-03-02,day,0,2,6,2,3,1,0,8.0,2.0,,4.75
2025-03-02,evening,1,1,6,2,3,1,0,1.0,1.0,,1.0
2025-03-02,night,2,0,6,2,3,1,0,0.0,0.0,,0.0
2025-03-03,day,0,9,0,3,3,0,0,7.0,8.0,,5.0
2025-03-03,evening,1,1,0,3,3,0,0,1.0,2.0,,1.0
2025-03-03,night,2,0,0,3,3,0,0,0.0,0.0,,0.0
2025-03-04,day,0,10,1,4,3,0,0,2.0,9.0,,5.75
2025-03-04,evening,1,1,1,4,3,0,0,1.0,2.0,,1.0
2025-03-04,night,2,0,1,4,3,0,0,0.0,0.0,,0.0
2025-03-05,day,0,9,2,5,3,0,0,2.0,9.0,,7.5
2025-03-05,evening,1,1,2,5,3,0,0,1.0,2.0,,1.0
2025-03-05,night,2,0,2,5,3,0,0,0.0,0.0,,0.0
2025-03-06,day,0,7,3,6,3,0,0,9.0,8.0,,8.75
2025-03-06,evening,1,1,3,6,3,0,0,1.0,2.0,,1.0
2025-03-06,night,2,0,3,6,3,0,0,0.0,0.0,,0.0
2025-03-07,day,0,7,4,7,3,0,0,10.0,6.0,,8.25
2025-03-07,evening,1,1,4,7,3,0,0,1.0,1.0,,1.0
2025-03-07,night,2,0,4,7,3,0,0,0.0,0.0,,0.0
2025-03-08,day,0,2,5,8,3,1,0,9.0,1.0,,6.25
2025-03-08,evening,1,1,5,8,3,1,0,1.0,0.0,,1.0
2025-03-08,night,2,0,5,8,3,1,0,0.0,1.0,,0.0
2025-03-09,day,0,2,6,9,3,1,0,7.0,2.0,,4.5
2025-03-09,evening,1,1,6,9,3,1,0,1.0,0.0,,1.0
2025-03-09,night,2,0,6,9,3,1,0,0.0,0.0,,0.0
2025-03-10,day,0,8,0,10,3,0,0,7.0,2.0,,4.75
2025-03-10,evening,1,2,0,10,3,0,0,1.0,2.0,,1.25
2025-03-10,night,2,0,0,10,3,0,0,0.0,0.0,,0.0
2025-03-11,day,0,9,1,11,3,0,0,2.0,9.0,,5.25
2025-03-11,evening,1,2,1,11,3,0,0,1.0,2.0,,1.5
2025-03-11,night,2,0,1,11,3,0,0,0.0,0.0,,0.0
2025-03-12,day,0,9,2,12,3,0,0,2.0,9.0,,7.0
2025-03-12,evening,1,2,2,12,3,0,0,1.0,2.0,,1.75
2025-03-12,night,2,0,2,12,3,0,0,0.0,0.0,,0.0
2025-03-13,day,0,7,3,13,3,0,0,8.0,8.0,,8.25
2025-03-13,evening,1,2,3,13,3,0,0,2.0,2.0,,2.0
2025-03-13,night,2,0,3,13,3,0,0,0.0,0.0,,0.0
2025-03-14,day,0,6,4,14,3,0,0,9.0,7.0,,7.75
2025-03-14,evening,1,2,4,14,3,0,0,2.0,2.0,,2.0
2025-03-14,night,2,0,4,14,3,0,0,0.0,0.0,,0.0
2025-03-15,day,0,2,5,15,3,1,0,9.0,2.0,,6.0
2025-03-15,evening,1,1,5,15,3,1,0,2.0,0.0,,1.75
2025-03-15,night,2,0,5,15,3,1,0,0.0,0.0,,0.0
2025-03-16,day,0,2,6,16,3,1,0,7.0,2.0,,4.25
2025-03-16,evening,1,1,6,16,3,1,0,2.0,0.0,,1.5
2025-03-16,night,2,0,6,16,3,1,0,0.0,0.0,,0.0
2025-03-17,day,0,8,0,17,3,0,0,6.0,9.0,,4.5
2025-03-17,evening,1,2,0,17,3,0,0,2.0,1.0,,1.5
2025-03-17,night,2,0,0,17,3,0,0,0.0,0.0,,0.0
2025-03-18,day,0,9,1,18,3,0,0,2.0,10.0,,5.25
2025-03-18,evening,1,2,1,18,3,0,0,1.0,1.0,,1.5
2025-03-18,night,2,0,1,18,3,0,0,0.0,0.0,,0.0
2025-03-19,day,0,9,2,19,3,0,0,2.0,10.0,,7.0
2025-03-19,evening,1,2,2,19,3,0,0,1.0,1.0,,1.75
2025-03-19,night,2,0,2,19,3,0,0,0.0,0.0,,0.0
2025-03-20,day,0,7,3,20,3,0,0,8.0,8.0,,8.25
2025-03-20,evening,1,2,3,20,3,0,0,2.0,1.0,,2.0
2025-03-20,night,2,0,3,20,3,0,0,0.0,0.0,,0.0
2025-03-21,day,0,6,4,21,3,0,0,9.0,7.0,,7.75
2025-03-21,evening,1,2,4,21,3,0,0,2.0,1.0,,2.0
2025-03-21,night,2,0,4,21,3,0,0,0.0,0.0,,0.0
2025-03-22,day,0,2,5,22,3,1,0,9.0,2.0,,6.0
2025-03-22,evening,1,1,5,22,3,1,0,2.0,1.0,,1.75
2025-03-22,night,2,0,5,22,3,1,0,0.0,0.0,,0.0
2025-03-23,day,0,2,6,23,3,1,0,7.0,2.0,,4.25
2025-03-23,evening,1,1,6,23,3,1,0,2.0,1.0,,1.5
2025-03-23,night,2,0,6,23,3,1,0,0.0,0.0,,0.0
2025-03-24,day,0,7,0,24,3,0,0,6.0,9.0,,4.25
2025-03-24,evening,1,2,0,24,3,0,0,2.0,1.0,,1.5
2025-03-24,night,2,0,0,24,3,0,0,0.0,0.0,,0.0
2025-03-25,day,0,8,1,25,3,0,0,2.0,10.0,,4.75
2025-03-25,evening,1,2,1,25,3,0,0,1.0,1.0,,1.5
2025-03-25,night,2,0,1,25,3,0,0,0.0,0.0,,0.0
2025-03-26,day,0,8,2,26,3,0,0,2.0,9.0,3.0,6.25
2025-03-26,evening,1,2,2,26,3,0,0,1.0,1.0,1.0,1.75
2025-03-26,night,2,0,2,26,3,0,0,0.0,0.0,0.0,0.0
2025-03-27,day,0,8,3,27,3,0,0,7.0,7.0,7.0,7.75
2025-03-27,evening,1,2,3,27,3,0,0,2.0,1.0,0.0,2.0
2025-03-27,night,2,0,3,27,3,0,0,0.0,0.0,0.0,0.0
2025-03-28,day,0,7,4,28,3,0,0,8.0,7.0,9.0,7.75
2025-03-28,evening,1,2,4,28,3,0,0,2.0,1.0,0.0,2.0
2025-03-28,night,2,0,4,28,3,0,0,0.0,0.0,0.0,0.0
2025-03-29,day,0,1,5,29,3,1,0,8.0,2.0,2.0,6.0
2025-03-29,evening,1,0,5,29,3,1,0,2.0,1.0,1.0,1.5
2025-03-29,night,2,0,5,29,3,1,0,0.0,0.0,0.0,0.0
2025-03-30,day,0,1,6,30,3,1,0,8.0,2.0,2.0,4.25
2025-03-30,evening,1,0,6,30,3,1,0,2.0,1.0,1.0,1.0
2025-03-30,night,2,0,6,30,3,1,0,0.0,0.0,0.0,0.0
2025-03-31,day,0,7,0,31,3,0,0,7.0,8.0,6.0,4.0
2025-03-31,evening,1,2,0,31,3,0,0,2.0,2.0,1.0,1.0
2025-03-31,night,2,0,0,31,3,0,0,0.0,0.0,0.0,0.0
2025-04-01,day,0,8,1,1,4,0,0,1.0,9.0,6.0,4.25
2025-04-01,evening,1,2,1,1,4,0,0,0.0,2.0,2.0,1.0
2025-04-01,night,2,0,1,1,4,0,0,0.0,0.0,0.0,0.0
2025-04-02,day,0,8,2,2,4,0,0,1.0,9.0,9.0,6.0
2025-04-02,evening,1,2,2,2,4,0,0,0.0,2.0,2.0,1.5
2025-04-02,night,2,0,2,2,4,0,0,0.0,0.0,0.0,0.0
2025-04-03,day,0,7,3,3,4,0,0,7.0,7.0,8.0,7.5
2025-04-03,evening,1,1,3,3,4,0,0,2.0,2.0,2.0,1.75
2025-04-03,night,2,0,3,3,4,0,0,0.0,0.0,0.0,0.0
2025-04-04,day,0,6,4,4,4,0,0,8.0,6.0,7.0,7.25
2025-04-04,evening,1,1,4,4,4,0,0,2.0,2.0,1.0,1.5
2025-04-04,night,2,0,4,4,4,0,0,0.0,0.0,0.0,0.0
2025-04-05,day,0,2,5,5,4,1,0,8.0,2.0,2.0,5.75
2025-04-05,evening,1,1,5,5,4,1,0,2.0,1.0,1.0,1.25
2025-04-05,night,2,0,5,5,4,1,0,0.0,0.0,0.0,0.0
2025-04-06,day,0,2,6,6,4,1,0,7.0,2.0,2.0,4.25
2025-04-06,evening,1,1,6,6,4,1,0,1.0,1.0,1.0,1.0
2025-04-06,night,2,0,6,6,4,1,0,0.0,0.0,0.0,0.0
2025-04-07,day,0,7,0,7,4,0,0,6.0,8.0,8.0,4.25
2025-04-07,evening,1,1,0,7,4,0,0,1.0,2.0,1.0,1.0
2025-04-07,night,2,0,0,7,4,0,0,0.0,0.0,0.0,0.0
2025-04-08,day,0,8,1,8,4,0,0,2.0,9.0,10.0,4.75
2025-04-08,evening,1,1,1,8,4,0,0,1.0,2.0,2.0,1.0
2025-04-08,night,2,0,1,8,4,0,0,0.0,0.0,0.0,0.0
2025-04-09,day,0,8,2,9,4,0,0,2.0,9.0,10.0,6.25
2025-04-09,evening,1,1,2,9,4,0,0,1.0,2.0,1.0,1.0
2025-04-09,night,2,0,2,9,4,0,0,0.0,0.0,0.0,0.0
2025-04-10,day,0,5,3,10,4,0,0,7.0,7.0,10.0,7.0
2025-04-10,evening,1,1,3,10,4,0,0,1.0,2.0,0.0,1.0
2025-04-10,night,2,0,3,10,4,0,0,0.0,0.0,0.0,0.0
2025-04-11,day,0,4,4,11,4,0,0,8.0,6.0,7.0,6.25
2025-04-11,evening,1,1,4,11,4,0,0,1.0,2.0,0.0,1.0
2025-04-11,night,2,0,4,11,4,0,0,0.0,0.0,0.0,0.0
2025-04-12,day,0,2,5,12,4,1,0,8.0,2.0,1.0,4.75
2025-04-12,evening,1,1,5,12,4,1,0,1.0,1.0,1.0,1.0
2025-04-12,night,2,0,5,12,4,1,0,0.0,0.0,0.0,0.0
2025-04-13,day,0,2,6,13,4,1,0,5.0,2.0,2.0,3.25
2025-04-13,evening,1,1,6,13,4,1,0,1.0,1.0,1.0,1.0
2025-04-13,night,2,0,6,13,4,1,0,0.0,0.0,0.0,0.0
2025-04-14,day,0,7,0,14,4,0,0,4.0,7.0,9.0,3.75
2025-04-14,evening,1,1,0,14,4,0,0,1.0,2.0,1.0,1.0
2025-04-14,night,2,0,0,14,4,0,0,0.0,0.0,0.0,0.0
2025-04-15,day,0,7,1,15,4,0,0,2.0,8.0,10.0,4.5
2025-04-15,evening,1,1,1,15,4,0,0,1.0,2.0,1.0,1.0
2025-04-15,night,2,0,1,15,4,0,0,0.0,0.0,0.0,0.0
2025-04-16,day,0,8,2,16,4,0,0,2.0,8.0,10.0,6.0
2025-04-16,evening,1,1,2,16,4,0,0,1.0,2.0,1.0,1.0
2025-04-16,night,2,0,2,16,4,0,0,0.0,0.0,0.0,0.0
2025-04-17,day,0,5,3,17,4,0,0,7.0,8.0,9.0,6.75
2025-04-17,evening,1,1,3,17,4,0,0,1.0,2.0,1.0,1.0
2025-04-17,night,2,0,3,17,4,0,0,0.0,0.0,0.0,0.0
2025-04-18,day,0,2,4,18,4,0,0,7.0,7.0,8.0,5.5
2025-04-18,evening,1,1,4,18,4,0,0,1.0,2.0,1.0,1.0
2025-04-18,night,2,0,4,18,4,0,0,0.0,0.0,0.0,0.0
2025-04-19,day,0,1,5,19,4,1,0,8.0,1.0,1.0,4.0
2025-04-19,evening,1,1,5,19,4,1,0,1.0,0.0,1.0,1.0
2025-04-19,night,2,1,5,19,4,1,0,0.0,0.0,0.0,0.25
2025-04-20,day,0,1,6,20,4,1,0,5.0,1.0,1.0,2.25
2025-04-20,evening,1,1,6,20,4,1,0,1.0,0.0,1.0,1.0
2025-04-20,night,2,1,6,20,4,1,0,0.0,0.0,0.0,0.5
2025-04-21,day,0,5,0,21,4,0,0,2.0,7.0,8.0,2.25
2025-04-21,evening,1,2,0,21,4,0,0,1.0,2.0,1.0,1.25
2025-04-21,night,2,0,0,21,4,0,0,0.0,0.0,0.0,0.5
2025-04-22,day,0,8,1,22,4,0,0,1.0,8.0,9.0,3.75
2025-04-22,evening,1,2,1,22,4,0,0,1.0,2.0,1.0,1.5
2025-04-22,night,2,0,1,22,4,0,0,1.0,0.0,0.0,0.5
2025-04-23,day,0,8,2,23,4,0,0,1.0,8.0,9.0,5.5
2025-04-23,evening,1,2,2,23,4,0,0,1.0,2.0,1.0,1.75
2025-04-23,night,2,0,2,23,4,0,0,1.0,0.0,0.0,0.25
2025-04-24,day,0,6,3,24,4,0,0,5.0,7.0,7.0,6.75
2025-04-24,evening,1,2,3,24,4,0,0,2.0,1.0,1.0,2.0
2025-04-24,night,2,0,3,24,4,0,0,0.0,0.0,0.0,0.0
2025-04-25,day,0,4,4,25,4,0,0,8.0,6.0,6.0,6.5
2025-04-25,evening,1,2,4,25,4,0,0,2.0,1.0,1.0,2.0
2025-04-25,night,2,0,4,25,4,0,0,0.0,0.0,0.0,0.0
2025-04-26,day,0,2,5,26,4,1,0,8.0,2.0,2.0,5.0
2025-04-26,evening,1,0,5,26,4,1,0,2.0,1.0,1.0,1.5
2025-04-26,night,2,0,5,26,4,1,0,0.0,0.0,0.0,0.0
2025-04-27,day,0,2,6,27,4,1,0,6.0,2.0,2.0,3.5
2025-04-27,evening,1,1,6,27,4,1,0,2.0,1.0,1.0,1.25
2025-04-27,night,2,0,6,27,4,1,0,0.0,0.0,0.0,0.0
2025-04-28,day,0,6,0,28,4,0,0,4.0,7.0,9.0,3.5
2025-04-28,evening,1,2,0,28,4,0,0,2.0,1.0,1.0,1.25
2025-04-28,night,2,0,0,28,4,0,0,0.0,0.0,0.0,0.0
2025-04-29,day,0,6,1,29,4,0,0,2.0,8.0,10.0,4.0
2025-04-29,evening,1,2,1,29,4,0,0,0.0,1.0,1.0,1.25
2025-04-29,night,2,0,1,29,4,0,0,0.0,0.0,0.0,0.0
2025-04-30,day,0,6,2,30,4,0,0,2.0,8.0,10.0,5.0
2025-04-30,evening,1,3,2,30,4,0,0,1.0,1.0,1.0,2.0
2025-04-30,night,2,0,2,30,4,0,0,0.0,0.0,0.0,0.0
2025-05-01,day,0,5,3,1,5,0,0,6.0,5.0,8.0,5.75
2025-05-01,evening,1,2,3,1,5,0,0,2.0,1.0,1.0,2.25
2025-05-01,night,2,0,3,1,5,0,0,0.0,0.0,0.0,0.0
2025-05-02,day,0,5,4,2,5,0,0,6.0,4.0,7.0,5.5
2025-05-02,evening,1,2,4,2,5,0,0,2.0,1.0,1.0,2.25
2025-05-02,night,2,0,4,2,5,0,0,0.0,0.0,0.0,0.0
2025-05-03,day,0,2,5,3,5,1,0,6.0,2.0,2.0,4.5
2025-05-03,evening,1,1,5,3,5,1,0,3.0,1.0,1.0,2.0
2025-05-03,night,2,0,5,3,5,1,0,0.0,0.0,0.0,0.0
2025-05-04,day,0,2,6,4,5,1,0,5.0,2.0,2.0,3.5
2025-05-04,evening,1,1,6,4,5,1,0,2.0,1.0,1.0,1.5
2025-05-04,night,2,0,6,4,5,1,0,0.0,0.0,0.0,0.0
2025-05-05,day,0,5,0,5,5,0,0,5.0,7.0,8.0,3.5
2025-05-05,evening,1,3,0,5,5,0,0,2.0,1.0,2.0,1.75
2025-05-05,night,2,0,0,5,5,0,0,0.0,0.0,0.0,0.0
2025-05-06,day,0,6,1,6,5,0,0,2.0,7.0,9.0,3.75
2025-05-06,evening,1,3,1,6,5,0,0,1.0,1.0,2.0,2.0
2025-05-06,night,2,0,1,6,5,0,0,0.0,0.0,0.0,0.0
2025-05-07,day,0,7,2,7,5,0,0,2.0,8.0,9.0,5.0
2025-05-07,evening,1,2,2,7,5,0,0,1.0,1.0,2.0,2.25
2025-05-07,night,2,0,2,7,5,0,0,0.0,0.0,0.0,0.0
2025-05-08,day,0,6,3,8,5,0,0,5.0,5.0,8.0,6.0
2025-05-08,evening,1,3,3,8,5,0,0,3.0,1.0,2.0,2.75
2025-05-08,night,2,0,3,8,5,0,0,0.0,0.0,0.0,0.0
2025-05-09,day,0,6,4,9,5,0,0,6.0,2.0,6.0,6.25
2025-05-09,evening,1,3,4,9,5,0,0,3.0,1.0,1.0,2.75
2025-05-09,night,2,0,4,9,5,0,0,0.0,0.0,0.0,0.0
2025-05-10,day,0,2,5,10,5,1,0,7.0,1.0,1.0,5.25
2025-05-10,evening,1,1,5,10,5,1,0,2.0,1.0,0.0,2.25
2025-05-10,night,2,0,5,10,5,1,0,0.0,1.0,1.0,0.0
2025-05-11,day,0,2,6,11,5,1,0,6.0,1.0,2.0,4.0
2025-05-11,evening,1,1,6,11,5,1,0,3.0,1.0,0.0,2.0
2025-05-11,night,2,0,6,11,5,1,0,0.0,1.0,0.0,0.0
2025-05-12,day,0,6,0,12,5,0,0,6.0,5.0,2.0,4.0
2025-05-12,evening,1,3,0,12,5,0,0,3.0,2.0,2.0,2.0
2025-05-12,night,2,0,0,12,5,0,0,0.0,0.0,0.0,0.0
2025-05-13,day,0,7,1,13,5,0,0,2.0,8.0,9.0,4.25
2025-05-13,evening,1,2,1,13,5,0,0,1.0,2.0,2.0,1.75
2025-05-13,night,2,0,1,13,5,0,0,0.0,0.0,0.0,0.0
2025-05-14,day,0,7,2,14,5,0,0,2.0,8.0,9.0,5.5
2025-05-14,evening,1,4,2,14,5,0,0,1.0,2.0,2.0,2.5
2025-05-14,night,2,0,2,14,5,0,0,0.0,0.0,0.0,0.0
2025-05-15,day,0,7,3,15,5,0,0,6.0,6.0,8.0,6.75
2025-05-15,evening,1,3,3,15,5,0,0,3.0,2.0,2.0,3.0
2025-05-15,night,2,0,3,15,5,0,0,0.0,0.0,0.0,0.0
2025-05-16,day,0,6,4,16,5,0,0,7.0,4.0,7.0,6.75
2025-05-16,evening,1,3,4,16,5,0,0,2.0,2.0,2.0,3.0
2025-05-16,night,2,0,4,16,5,0,0,0.0,0.0,0.0,0.0
2025-05-17,day,0,2,5,17,5,1,0,7.0,2.0,2.0,5.5
2025-05-17,evening,1,1,5,17,5,1,0,4.0,0.0,0.0,2.75
2025-05-17,night,2,0,5,17,5,1,0,0.0,0.0,0.0,0.0
2025-05-18,day,0,2,6,18,5,1,0,7.0,2.0,2.0,4.25
2025-05-18,evening,1,1,6,18,5,1,0,3.0,1.0,0.0,2.0
2025-05-18,night,2,0,6,18,5,1,0,0.0,0.0,0.0,0.0
2025-05-19,day,0,2,0,19,5,0,0,6.0,6.0,9.0,3.0
2025-05-19,evening,1,3,0,19,5,0,0,3.0,2.0,1.0,2.0
2025-05-19,night,2,0,0,19,5,0,0,0.0,0.0,0.0,0.0
2025-05-20,day,0,7,1,20,5,0,0,2.0,6.0,10.0,3.25
2025-05-20,evening,1,3,1,20,5,0,0,1.0,2.0,1.0,2.0
2025-05-20,night,2,0,1,20,5,0,0,0.0,0.0,0.0,0.0
2025-05-21,day,0,7,2,21,5,0,0,2.0,6.0,10.0,4.5
2025-05-21,evening,1,4,2,21,5,0,0,1.0,3.0,1.0,2.75
2025-05-21,night,2,0,2,21,5,0,0,0.0,0.0,0.0,0.0
2025-05-22,day,0,6,3,22,5,0,0,2.0,5.0,8.0,5.5
2025-05-22,evening,1,3,3,22,5,0,0,3.0,2.0,1.0,3.25
2025-05-22,night,2,0,3,22,5,0,0,0.0,0.0,0.0,0.0
2025-05-23,day,0,6,4,23,5,0,0,7.0,5.0,7.0,6.5
2025-05-23,evening,1,3,4,23,5,0,0,3.0,2.0,1.0,3.25
2025-05-23,night,2,0,4,23,5,0,0,0.0,0.0,0.0,0.0
2025-05-24,day,0,2,5,24,5,1,0,7.0,2.0,2.0,5.25
2025-05-24,evening,1,1,5,24,5,1,0,4.0,1.0,1.0,2.75
2025-05-24,night,2,0,5,24,5,1,0,0.0,0.0,0.0,0.0
2025-05-25,day,0,2,6,25,5,1,0,6.0,2.0,2.0,4.0
2025-05-25,evening,1,1,6,25,5,1,0,3.0,1.0,1.0,2.0
2025-05-25,night,2,0,6,25,5,1,0,0.0,0.0,0.0,0.0
2025-05-26,day,0,6,0,26,5,0,0,6.0,5.0,9.0,4.0
2025-05-26,evening,1,2,0,26,5,0,0,3.0,3.0,1.0,1.75
2025-05-26,night,2,0,0,26,5,0,0,0.0,0.0,0.0,0.0
2025-05-27,day,0,7,1,27,5,0,0,2.0,6.0,10.0,4.25
2025-05-27,evening,1,3,1,27,5,0,0,1.0,3.0,1.0,1.75
2025-05-27,night,2,0,1,27,5,0,0,0.0,0.0,0.0,0.0
2025-05-28,day,0,7,2,28,5,0,0,2.0,7.0,9.0,5.5
2025-05-28,evening,1,4,2,28,5,0,0,1.0,2.0,1.0,2.5
2025-05-28,night,2,0,2,28,5,0,0,0.0,0.0,0.0,0.0
2025-05-29,day,0,7,3,29,5,0,0,6.0,6.0,7.0,6.75
2025-05-29,evening,1,3,3,29,5,0,0,2.0,3.0,1.0,3.0
2025-05-29,night,2,0,3,29,5,0,0,0.0,0.0,0.0,0.0
2025-05-30,day,0,6,4,30,5,0,0,7.0,6.0,7.0,6.75
2025-05-30,evening,1,3,4,30,5,0,0,3.0,3.0,1.0,3.25
2025-05-30,night,2,0,4,30,5,0,0,0.0,0.0,0.0,0.0
2025-05-31,day,0,2,5,31,5,1,0,7.0,2.0,2.0,5.5
2025-05-31,evening,1,1,5,31,5,1,0,4.0,1.0,1.0,2.75
2025-05-31,night,2,0,5,31,5,1,0,0.0,0.0,0.0,0.0
2025-06-01,day,0,2,6,1,6,1,0,7.0,2.0,2.0,4.25
2025-06-01,evening,1,1,6,1,6,1,0,3.0,1.0,1.0,2.0
2025-06-01,night,2,0,6,1,6,1,0,0.0,0.0,0.0,0.0
2025-06-02,day,0,6,0,2,6,0,0,6.0,6.0,8.0,4.0
2025-06-02,evening,1,2,0,2,6,0,0,3.0,3.0,2.0,1.75
2025-06-02,night,2,0,0,2,6,0,0,0.0,0.0,0.0,0.0
2025-06-03,day,0,7,1,3,6,0,0,2.0,7.0,9.0,4.25
2025-06-03,evening,1,2,1,3,6,0,0,1.0,2.0,2.0,1.5
2025-06-03,night,2,0,1,3,6,0,0,0.0,0.0,0.0,0.0
2025-06-04,day,0,7,2,4,6,0,0,2.0,7.0,9.0,5.5
2025-06-04,evening,1,3,2,4,6,0,0,1.0,4.0,2.0,2.0
2025-06-04,night,2,0,2,4,6,0,0,0.0,0.0,0.0,0.0
2025-06-05,day,0,6,3,5,6,0,0,6.0,7.0,7.0,6.5
2025-06-05,evening,1,2,3,5,6,0,0,2.0,3.0,2.0,2.25
2025-06-05,night,2,0,3,5,6,0,0,0.0,0.0,0.0,0.0
2025-06-06,day,0,6,4,6,6,0,0,7.0,6.0,6.0,6.5
2025-06-06,evening,1,2,4,6,6,0,0,2.0,3.0,2.0,2.25
2025-06-06,night,2,0,4,6,6,0,0,0.0,0.0,0.0,0.0
2025-06-07,day,0,2,5,7,6,1,0,7.0,2.0,2.0,5.25
2025-06-07,evening,1,1,5,7,6,1,0,3.0,1.0,1.0,2.0
2025-06-07,night,2,0,5,7,6,1,0,0.0,0.0,0.0,0.0
2025-06-08,day,0,2,6,8,6,1,0,6.0,2.0,2.0,4.0
2025-06-08,evening,1,1,6,8,6,1,0,2.0,1.0,1.0,1.5
2025-06-08,night,2,0,6,8,6,1,0,0.0,0.0,0.0,0.0
2025-06-09,day,0,6,0,9,6,0,0,6.0,2.0,8.0,4.0
2025-06-09,evening,1,2,0,9,6,0,0,2.0,3.0,2.0,1.5
2025-06-09,night,2,0,0,9,6,0,0,0.0,0.0,0.0,0.0
2025-06-10,day,0,7,1,10,6,0,0,2.0,7.0,9.0,4.25
2025-06-10,evening,1,2,1,10,6,0,0,1.0,3.0,2.0,1.5
2025-06-10,night,2,0,1,10,6,0,0,0.0,0.0,0.0,0.0
2025-06-11,day,0,7,2,11,6,0,0,2.0,7.0,9.0,5.5
2025-06-11,evening,1,3,2,11,6,0,0,1.0,4.0,2.0,2.0
2025-06-11,night,2,0,2,11,6,0,0,0.0,0.0,0.0,0.0
2025-06-12,day,0,7,3,12,6,0,0,6.0,6.0,7.0,6.75
2025-06-12,evening,1,2,3,12,6,0,0,2.0,3.0,2.0,2.25
2025-06-12,night,2,0,3,12,6,0,0,0.0,0.0,0.0,0.0
2025-06-13,day,0,6,4,13,6,0,0,7.0,6.0,6.0,6.75
2025-06-13,evening,1,2,4,13,6,0,0,2.0,3.0,2.0,2.25
2025-06-13,night,2,0,4,13,6,0,0,0.0,0.0,0.0,0.0
2025-06-14,day,0,2,5,14,6,1,0,7.0,2.0,2.0,5.5
2025-06-14,evening,1,1,5,14,6,1,0,3.0,1.0,1.0,2.0
2025-06-14,night,2,0,5,14,6,1,0,0.0,0.0,0.0,0.0
2025-06-15,day,0,2,6,15,6,1,0,7.0,2.0,2.0,4.25
2025-06-15,evening,1,1,6,15,6,1,0,2.0,1.0,1.0,1.5
2025-06-15,night,2,0,6,15,6,1,0,0.0,0.0,0.0,0.0
2025-06-16,day,0,6,0,16,6,0,0,6.0,6.0,7.0,4.0
2025-06-16,evening,1,3,0,16,6,0,0,2.0,2.0,2.0,1.75
2025-06-16,night,2,0,0,16,6,0,0,0.0,0.0,0.0,0.0
2025-06-17,day,0,7,1,17,6,0,0,2.0,7.0,8.0,4.25
2025-06-17,evening,1,2,1,17,6,0,0,1.0,3.0,2.0,1.75
2025-06-17,night,2,0,1,17,6,0,0,0.0,0.0,0.0,0.0
2025-06-18,day,0,7,2,18,6,0,0,2.0,7.0,8.0,5.5
2025-06-18,evening,1,3,2,18,6,0,0,1.0,4.0,2.0,2.25
2025-06-18,night,2,0,2,18,6,0,0,0.0,0.0,0.0,0.0
2025-06-19,day,0,7,3,19,6,0,0,6.0,7.0,8.0,6.75
2025-06-19,evening,1,2,3,19,6,0,0,3.0,3.0,2.0,2.5
2025-06-19,night,2,0,3,19,6,0,0,0.0,0.0,0.0,0.0
2025-06-20,day,0,6,4,20,6,0,0,7.0,6.0,7.0,6.75
2025-06-20,evening,1,3,4,20,6,0,0,2.0,3.0,2.0,2.5
2025-06-20,night,2,0,4,20,6,0,0,0.0,0.0,0.0,0.0
2025-06-21,day,0,2,5,21,6,1,0,7.0,2.0,1.0,5.5
2025-06-21,evening,1,1,5,21,6,1,0,3.0,1.0,0.0,2.25
2025-06-21,night,2,0,5,21,6,1,0,0.0,0.0,0.0,0.0
2025-06-22,day,0,2,6,22,6,1,0,7.0,2.0,1.0,4.25
2025-06-22,evening,1,1,6,22,6,1,0,2.0,1.0,0.0,1.75
2025-06-22,night,2,0,6,22,6,1,0,0.0,0.0,0.0,0.0
2025-06-23,day,0,7,0,23,6,0,0,6.0,6.0,7.0,4.25
2025-06-23,evening,1,3,0,23,6,0,0,3.0,2.0,2.0,2.0
2025-06-23,night,2,0,0,23,6,0,0,0.0,0.0,0.0,0.0
2025-06-24,day,0,8,1,24,6,0,0,2.0,7.0,8.0,4.75
2025-06-24,evening,1,3,1,24,6,0,0,1.0,2.0,2.0,2.0
2025-06-24,night,2,0,1,24,6,0,0,0.0,0.0,0.0,0.0
2025-06-25,day,0,8,2,25,6,0,0,2.0,7.0,8.0,6.25
2025-06-25,evening,1,4,2,25,6,0,0,1.0,3.0,2.0,2.75
2025-06-25,night,2,0,2,25,6,0,0,0.0,0.0,0.0,0.0
2025-06-26,day,0,8,3,26,6,0,0,7.0,6.0,7.0,7.75
2025-06-26,evening,1,3,3,26,6,0,0,3.0,2.0,1.0,3.25
2025-06-26,night,2,0,3,26,6,0,0,0.0,0.0,0.0,0.0
2025-06-27,day,0,7,4,27,6,0,0,8.0,6.0,6.0,7.75
2025-06-27,evening,1,2,4,27,6,0,0,3.0,2.0,1.0,3.0
2025-06-27,night,2,0,4,27,6,0,0,0.0,0.0,0.0,0.0
2025-06-28,day,0,2,5,28,6,1,0,8.0,2.0,2.0,6.25
2025-06-28,evening,1,1,5,28,6,1,0,4.0,1.0,1.0,2.5
2025-06-28,night,2,0,5,28,6,1,0,0.0,0.0,0.0,0.0
2025-06-29,day,0,2,6,29,6,1,0,8.0,2.0,2.0,4.75
2025-06-29,evening,1,1,6,29,6,1,0,3.0,1.0,1.0,1.75
2025-06-29,night,2,0,6,29,6,1,0,0.0,0.0,0.0,0.0
2025-06-30,day,0,7,0,30,6,0,0,7.0,6.0,7.0,4.5
2025-06-30,evening,1,4,0,30,6,0,0,2.0,2.0,1.0,2.0
2025-06-30,night,2,0,0,30,6,0,0,0.0,0.0,0.0,0.0
2025-07-01,day,0,1,1,1,7,0,0,2.0,7.0,8.0,3.0
2025-07-01,evening,1,2,1,1,7,0,0,1.0,2.0,1.0,2.0
2025-07-01,night,2,1,1,1,7,0,0,0.0,0.0,0.0,0.25
2025-07-02,day,0,7,2,2,7,0,0,2.0,7.0,8.0,4.25
2025-07-02,evening,1,4,2,2,7,0,0,1.0,3.0,1.0,2.75
2025-07-02,night,2,0,2,2,7,0,0,0.0,0.0,0.0,0.25
2025-07-03,day,0,7,3,3,7,0,0,7.0,7.0,5.0,5.5
2025-07-03,evening,1,3,3,3,7,0,0,4.0,2.0,1.0,3.25
2025-07-03,night,2,0,3,3,7,0,0,0.0,0.0,0.0,0.25
2025-07-04,day,0,8,4,4,7,0,0,1.0,6.0,4.0,5.75
2025-07-04,evening,1,2,4,4,7,0,0,2.0,2.0,1.0,2.75
2025-07-04,night,2,0,4,4,7,0,0,1.0,0.0,0.0,0.25
2025-07-05,day,0,2,5,5,7,1,0,7.0,2.0,2.0,6.0
2025-07-05,evening,1,1,5,5,7,1,0,4.0,1.0,1.0,2.5
2025-07-05,night,2,0,5,5,7,1,0,0.0,0.0,0.0,0.0
2025-07-06,day,0,2,6,6,7,1,0,7.0,2.0,2.0,4.75
2025-07-06,evening,1,1,6,6,7,1,0,3.0,1.0,1.0,1.75
2025-07-06,night,2,0,6,6,7,1,0,0.0,0.0,0.0,0.0
2025-07-07,day,0,7,0,7,7,0,0,8.0,6.0,7.0,4.75
2025-07-07,evening,1,2,0,7,7,0,0,2.0,3.0,1.0,1.5
2025-07-07,night,2,0,0,7,7,0,0,0.0,0.0,0.0,0.0
2025-07-08,day,0,8,1,8,7,0,0,2.0,7.0,7.0,4.75
2025-07-08,evening,1,2,1,8,7,0,0,1.0,2.0,1.0,1.5
2025-07-08,night,2,0,1,8,7,0,0,0.0,0.0,0.0,0.0
2025-07-09,day,0,8,2,9,7,0,0,2.0,7.0,8.0,6.25
2025-07-09,evening,1,2,2,9,7,0,0,1.0,3.0,1.0,1.75
2025-07-09,night,2,0,2,9,7,0,0,0.0,0.0,0.0,0.0
2025-07-10,day,0,7,3,10,7,0,0,7.0,7.0,5.0,7.5
2025-07-10,evening,1,3,3,10,7,0,0,2.0,2.0,1.0,2.25
2025-07-10,night,2,0,3,10,7,0,0,0.0,0.0,0.0,0.0
2025-07-11,day,0,6,4,11,7,0,0,8.0,6.0,2.0,7.25
2025-07-11,evening,1,2,4,11,7,0,0,2.0,3.0,1.0,2.25
2025-07-11,night,2,0,4,11,7,0,0,0.0,0.0,0.0,0.0
2025-07-12,day,0,2,5,12,7,1,0,8.0,2.0,1.0,5.75
2025-07-12,evening,1,1,5,12,7,1,0,2.0,1.0,1.0,2.0
2025-07-12,night,2,0,5,12,7,1,0,0.0,0.0,1.0,0.0
2025-07-13,day,0,2,6,13,7,1,0,7.0,2.0,1.0,4.25
2025-07-13,evening,1,1,6,13,7,1,0,3.0,1.0,1.0,1.75
2025-07-13,night,2,0,6,13,7,1,0,0.0,0.0,1.0,0.0
2025-07-14,day,0,7,0,14,7,0,0,6.0,7.0,5.0,4.25
2025-07-14,evening,1,2,0,14,7,0,0,2.0,3.0,2.0,1.5
2025-07-14,night,2,0,0,14,7,0,0,0.0,0.0,0.0,0.0
2025-07-15,day,0,8,1,15,7,0,0,2.0,8.0,8.0,4.75
2025-07-15,evening,1,2,1,15,7,0,0,1.0,3.0,2.0,1.5
2025-07-15,night,2,0,1,15,7,0,0,0.0,0.0,0.0,0.0
2025-07-16,day,0,8,2,16,7,0,0,2.0,8.0,8.0,6.25
2025-07-16,evening,1,3,2,16,7,0,0,1.0,4.0,2.0,2.0
2025-07-16,night,2,0,2,16,7,0,0,0.0,0.0,0.0,0.0
2025-07-17,day,0,8,3,17,7,0,0,7.0,8.0,6.0,7.75
2025-07-17,evening,1,2,3,17,7,0,0,2.0,3.0,2.0,2.25
2025-07-17,night,2,0,3,17,7,0,0,0.0,0.0,0.0,0.0
2025-07-18,day,0,7,4,18,7,0,0,8.0,7.0,4.0,7.75
2025-07-18,evening,1,2,4,18,7,0,0,2.0,2.0,2.0,2.25
2025-07-18,night,2,0,4,18,7,0,0,0.0,0.0,0.0,0.0
2025-07-19,day,0,2,5,19,7,1,0,8.0,2.0,2.0,6.25
2025-07-19,evening,1,1,5,19,7,1,0,3.0,1.0,0.0,2.0
2025-07-19,night,2,0,5,19,7,1,0,0.0,0.0,0.0,0.0
2025-07-20,day,0,2,6,20,7,1,0,8.0,2.0,2.0,4.75
2025-07-20,evening,1,1,6,20,7,1,0,2.0,1.0,1.0,1.5
2025-07-20,night,2,0,6,20,7,1,0,0.0,0.0,0.0,0.0
2025-07-21,day,0,7,0,21,7,0,0,7.0,7.0,6.0,4.5
2025-07-21,evening,1,2,0,21,7,0,0,2.0,4.0,2.0,1.5
2025-07-21,night,2,0,0,21,7,0,0,0.0,0.0,0.0,0.0
2025-07-22,day,0,8,1,22,7,0,0,2.0,1.0,6.0,4.75
2025-07-22,evening,1,2,1,22,7,0,0,1.0,2.0,2.0,1.5
2025-07-22,night,2,0,1,22,7,0,0,0.0,1.0,0.0,0.0
2025-07-23,day,0,8,2,23,7,0,0,2.0,7.0,6.0,6.25
2025-07-23,evening,1,2,2,23,7,0,0,1.0,4.0,3.0,1.75
2025-07-23,night,2,0,2,23,7,0,0,0.0,0.0,0.0,0.0
2025-07-24,day,0,8,3,24,7,0,0,7.0,7.0,5.0,7.75
2025-07-24,evening,1,1,3,24,7,0,0,2.0,3.0,2.0,1.75
2025-07-24,night,2,0,3,24,7,0,0,0.0,0.0,0.0,0.0
2025-07-25,day,0,7,4,25,7,0,0,8.0,8.0,5.0,7.75
2025-07-25,evening,1,2,4,25,7,0,0,2.0,2.0,2.0,1.75
2025-07-25,night,2,0,4,25,7,0,0,0.0,0.0,0.0,0.0
2025-07-26,day,0,2,5,26,7,1,0,8.0,2.0,2.0,6.25
2025-07-26,evening,1,1,5,26,7,1,0,2.0,1.0,1.0,1.5
2025-07-26,night,2,0,5,26,7,1,0,0.0,0.0,0.0,0.0
2025-07-27,day,0,2,6,27,7,1,0,8.0,2.0,2.0,4.75
2025-07-27,evening,1,1,6,27,7,1,0,1.0,1.0,1.0,1.25
2025-07-27,night,2,0,6,27,7,1,0,0.0,0.0,0.0,0.0
2025-07-28,day,0,8,0,28,7,0,0,7.0,7.0,5.0,4.75
2025-07-28,evening,1,4,0,28,7,0,0,2.0,2.0,3.0,2.0
2025-07-28,night,2,0,0,28,7,0,0,0.0,0.0,0.0,0.0
2025-07-29,day,0,9,1,29,7,0,0,2.0,8.0,6.0,5.25
2025-07-29,evening,1,4,1,29,7,0,0,1.0,2.0,3.0,2.5
2025-07-29,night,2,0,1,29,7,0,0,0.0,0.0,0.0,0.0
2025-07-30,day,0,10,2,30,7,0,0,2.0,8.0,7.0,7.25
2025-07-30,evening,1,4,2,30,7,0,0,1.0,2.0,2.0,3.25
2025-07-30,night,2,0,2,30,7,0,0,0.0,0.0,0.0,0.0
2025-07-31,day,0,9,3,31,7,0,0,8.0,7.0,6.0,9.0
2025-07-31,evening,1,3,3,31,7,0,0,4.0,3.0,3.0,3.75
2025-07-31,night,2,0,3,31,7,0,0,0.0,0.0,0.0,0.0
2025-08-01,day,0,8,4,1,8,0,0,9.0,6.0,6.0,9.0
2025-08-01,evening,1,4,4,1,8,0,0,4.0,2.0,3.0,3.75
2025-08-01,night,2,0,4,1,8,0,0,0.0,0.0,0.0,0.0
2025-08-02,day,0,2,5,2,8,1,0,10.0,2.0,2.0,7.25
2025-08-02,evening,1,1,5,2,8,1,0,4.0,1.0,1.0,3.0
2025-08-02,night,2,0,5,2,8,1,0,0.0,0.0,0.0,0.0
2025-08-03,day,0,2,6,3,8,1,0,9.0,2.0,2.0,5.25
2025-08-03,evening,1,1,6,3,8,1,0,3.0,1.0,1.0,2.25
2025-08-03,night,2,0,6,3,8,1,0,0.0,0.0,0.0,0.0
2025-08-04,day,0,1,0,4,8,0,0,8.0,7.0,6.0,3.25
2025-08-04,evening,1,3,0,4,8,0,0,4.0,2.0,3.0,2.25
2025-08-04,night,2,1,0,4,8,0,0,0.0,0.0,0.0,0.25
2025-08-05,day,0,7,1,5,8,0,0,2.0,8.0,7.0,3.0
2025-08-05,evening,1,4,1,5,8,0,0,1.0,2.0,2.0,2.25
2025-08-05,night,2,0,1,5,8,0,0,0.0,0.0,0.0,0.25
2025-08-06,day,0,7,2,6,8,0,0,2.0,8.0,7.0,4.25
2025-08-06,evening,1,4,2,6,8,0,0,1.0,3.0,4.0,3.0
2025-08-06,night,2,0,2,6,8,0,0,0.0,0.0,0.0,0.25
2025-08-07,day,0,8,3,7,8,0,0,1.0,8.0,7.0,5.75
2025-08-07,evening,1,4,3,7,8,0,0,3.0,2.0,3.0,3.75
2025-08-07,night,2,0,3,7,8,0,0,1.0,0.0,0.0,0.25
2025-08-08,day,0,7,4,8,8,0,0,7.0,7.0,6.0,7.25
2025-08-08,evening,1,4,4,8,8,0,0,4.0,2.0,3.0,4.0
2025-08-08,night,2,0,4,8,8,0,0,0.0,0.0,0.0,0.0
2025-08-09,day,0,2,5,9,8,1,0,7.0,2.0,2.0,6.0
2025-08-09,evening,1,1,5,9,8,1,0,4.0,1.0,1.0,3.25
2025-08-09,night,2,0,5,9,8,1,0,0.0,0.0,0.0,0.0
2025-08-10,day,0,2,6,10,8,1,0,8.0,2.0,2.0,4.75
2025-08-10,evening,1,1,6,10,8,1,0,4.0,1.0,1.0,2.5
2025-08-10,night,2,0,6,10,8,1,0,0.0,0.0,0.0,0.0
2025-08-11,day,0,7,0,11,8,0,0,7.0,7.0,2.0,4.5
2025-08-11,evening,1,3,0,11,8,0,0,4.0,2.0,3.0,2.25
2025-08-11,night,2,0,0,11,8,0,0,0.0,0.0,0.0,0.0
2025-08-12,day,0,8,1,12,8,0,0,2.0,8.0,7.0,4.75
2025-08-12,evening,1,4,1,12,8,0,0,1.0,2.0,3.0,2.25
2025-08-12,night,2,0,1,12,8,0,0,0.0,0.0,0.0,0.0
2025-08-13,day,0,9,2,13,8,0,0,2.0,8.0,7.0,6.5
2025-08-13,evening,1,2,2,13,8,0,0,1.0,2.0,4.0,2.5
2025-08-13,night,2,0,2,13,8,0,0,0.0,0.0,0.0,0.0
2025-08-14,day,0,8,3,14,8,0,0,7.0,8.0,6.0,8.0
2025-08-14,evening,1,3,3,14,8,0,0,3.0,1.0,3.0,3.0
2025-08-14,night,2,0,3,14,8,0,0,0.0,0.0,0.0,0.0
2025-08-15,day,0,7,4,15,8,0,0,8.0,7.0,6.0,8.0
2025-08-15,evening,1,2,4,15,8,0,0,4.0,2.0,3.0,2.75
2025-08-15,night,2,0,4,15,8,0,0,0.0,0.0,0.0,0.0
2025-08-16,day,0,2,5,16,8,1,0,9.0,2.0,2.0,6.5
2025-08-16,evening,1,1,5,16,8,1,0,2.0,1.0,1.0,2.0
2025-08-16,night,2,0,5,16,8,1,0,0.0,0.0,0.0,0.0
2025-08-17,day,0,2,6,17,8,1,0,8.0,2.0,2.0,4.75
2025-08-17,evening,1,1,6,17,8,1,0,3.0,1.0,1.0,1.75
2025-08-17,night,2,0,6,17,8,1,0,0.0,0.0,0.0,0.0
2025-08-18,day,0,7,0,18,8,0,0,7.0,8.0,6.0,4.5
2025-08-18,evening,1,3,0,18,8,0,0,2.0,4.0,2.0,1.75
2025-08-18,night,2,0,0,18,8,0,0,0.0,0.0,0.0,0.0
2025-08-19,day,0,8,1,19,8,0,0,2.0,9.0,7.0,4.75
2025-08-19,evening,1,3,1,19,8,0,0,1.0,4.0,3.0,2.0
2025-08-19,night,2,0,1,19,8,0,0,0.0,0.0,0.0,0.0
2025-08-20,day,0,8,2,20,8,0,0,2.0,10.0,7.0,6.25
2025-08-20,evening,1,4,2,20,8,0,0,1.0,4.0,4.0,2.75
2025-08-20,night,2,0,2,20,8,0,0,0.0,0.0,0.0,0.0
2025-08-21,day,0,8,3,21,8,0,0,7.0,9.0,7.0,7.75
2025-08-21,evening,1,3,3,21,8,0,0,3.0,3.0,3.0,3.25
2025-08-21,night,2,0,3,21,8,0,0,0.0,0.0,0.0,0.0
2025-08-22,day,0,7,4,22,8,0,0,8.0,8.0,6.0,7.75
2025-08-22,evening,1,3,4,22,8,0,0,3.0,4.0,3.0,3.25
2025-08-22,night,2,0,4,22,8,0,0,0.0,0.0,0.0,0.0
2025-08-23,day,0,2,5,23,8,1,0,8.0,2.0,2.0,6.25
2025-08-23,evening,1,1,5,23,8,1,0,4.0,1.0,1.0,2.75
2025-08-23,night,2,0,5,23,8,1,0,0.0,0.0,0.0,0.0
2025-08-24,day,0,2,6,24,8,1,0,8.0,2.0,2.0,4.75
2025-08-24,evening,1,1,6,24,8,1,0,3.0,1.0,1.0,2.0
2025-08-24,night,2,0,6,24,8,1,0,0.0,0.0,0.0,0.0
2025-08-25,day,0,8,0,25,8,0,0,7.0,1.0,6.0,4.75
2025-08-25,evening,1,2,0,25,8,0,0,3.0,3.0,2.0,1.75
2025-08-25,night,2,0,0,25,8,0,0,0.0,1.0,0.0,0.0
2025-08-26,day,0,10,1,26,8,0,0,2.0,7.0,7.0,5.5
2025-08-26,evening,1,2,1,26,8,0,0,1.0,4.0,2.0,1.5
2025-08-26,night,2,0,1,26,8,0,0,0.0,0.0,0.0,0.0
2025-08-27,day,0,9,2,27,8,0,0,2.0,7.0,7.0,7.25
2025-08-27,evening,1,2,2,27,8,0,0,1.0,4.0,3.0,1.75
2025-08-27,night,2,0,2,27,8,0,0,0.0,0.0,0.0,0.0
2025-08-28,day,0,9,3,28,8,0,0,8.0,8.0,6.0,9.0
2025-08-28,evening,1,2,3,28,8,0,0,2.0,4.0,2.0,2.0
2025-08-28,night,2,0,3,28,8,0,0,0.0,0.0,0.0,0.0
2025-08-29,day,0,8,4,29,8,0,0,10.0,7.0,6.0,9.0
2025-08-29,evening,1,3,4,29,8,0,0,2.0,4.0,2.0,2.25
2025-08-29,night,2,0,4,29,8,0,0,0.0,0.0,0.0,0.0
2025-08-30,day,0,2,5,30,8,1,0,9.0,2.0,2.0,7.0
2025-08-30,evening,1,1,5,30,8,1,0,2.0,1.0,1.0,2.0
2025-08-30,night,2,0,5,30,8,1,0,0.0,0.0,0.0,0.0
2025-08-31,day,0,2,6,31,8,1,0,9.0,2.0,2.0,5.25
2025-08-31,evening,1,1,6,31,8,1,0,2.0,1.0,1.0,1.75
2025-08-31,night,2,0,6,31,8,1,0,0.0,0.0,0.0,0.0
2025-09-01,day,0,1,0,1,9,0,0,8.0,7.0,6.0,3.25
2025-09-01,evening,1,3,0,1,9,0,0,3.0,3.0,2.0,2.0
2025-09-01,night,2,1,0,1,9,0,0,0.0,0.0,0.0,0.25
2025-09-02,day,0,7,1,2,9,0,0,2.0,8.0,7.0,3.0
2025-09-02,evening,1,3,1,2,9,0,0,1.0,4.0,2.0,2.0
2025-09-02,night,2,0,1,2,9,0,0,0.0,0.0,0.0,0.25
2025-09-03,day,0,8,2,3,9,0,0,2.0,9.0,7.0,4.5
2025-09-03,evening,1,3,2,3,9,0,0,1.0,2.0,3.0,2.5
2025-09-03,night,2,0,2,3,9,0,0,0.0,0.0,0.0,0.25
2025-09-04,day,0,7,3,4,9,0,0,1.0,8.0,7.0,5.75
2025-09-04,evening,1,2,3,4,9,0,0,3.0,3.0,2.0,2.75
2025-09-04,night,2,0,3,4,9,0,0,1.0,0.0,0.0,0.25
2025-09-05,day,0,7,4,5,9,0,0,7.0,7.0,6.0,7.25
2025-09-05,evening,1,1,4,5,9,0,0,3.0,2.0,2.0,2.25
2025-09-05,night,2,0,4,5,9,0,0,0.0,0.0,0.0,0.0
2025-09-06,day,0,1,5,6,9,1,0,8.0,2.0,2.0,5.75
2025-09-06,evening,1,2,5,6,9,1,0,3.0,1.0,1.0,2.0
2025-09-06,night,2,0,5,6,9,1,0,0.0,0.0,0.0,0.0
2025-09-07,day,0,1,6,7,9,1,0,7.0,2.0,2.0,4.0
2025-09-07,evening,1,2,6,7,9,1,0,2.0,1.0,1.0,1.75
2025-09-07,night,2,0,6,7,9,1,0,0.0,0.0,0.0,0.0
2025-09-08,day,0,6,0,8,9,0,0,7.0,7.0,6.0,3.75
2025-09-08,evening,1,3,0,8,9,0,0,1.0,3.0,3.0,2.0
2025-09-08,night,2,0,0,8,9,0,0,0.0,0.0,0.0,0.0
2025-09-09,day,0,6,1,9,9,0,0,1.0,8.0,7.0,3.5
2025-09-09,evening,1,3,1,9,9,0,0,2.0,3.0,2.0,2.5
2025-09-09,night,2,0,1,9,9,0,0,0.0,0.0,0.0,0.0
2025-09-10,day,0,8,2,10,9,0,0,1.0,8.0,7.0,5.25
2025-09-10,evening,1,3,2,10,9,0,0,2.0,4.0,3.0,2.75
2025-09-10,night,2,0,2,10,9,0,0,0.0,0.0,0.0,0.0
2025-09-11,day,0,8,3,11,9,0,0,6.0,8.0,7.0,7.0
2025-09-11,evening,1,3,3,11,9,0,0,3.0,3.0,2.0,3.0
2025-09-11,night,2,0,3,11,9,0,0,0.0,0.0,0.0,0.0
2025-09-12,day,0,7,4,12,9,0,0,6.0,7.0,6.0,7.25
2025-09-12,evening,1,3,4,12,9,0,0,3.0,3.0,3.0,3.0
2025-09-12,night,2,0,4,12,9,0,0,0.0,0.0,0.0,0.0
2025-09-13,day,0,2,5,13,9,1,0,8.0,2.0,2.0,6.25
2025-09-13,evening,1,1,5,13,9,1,0,3.0,1.0,1.0,2.5
2025-09-13,night,2,0,5,13,9,1,0,0.0,0.0,0.0,0.0
2025-09-14,day,0,2,6,14,9,1,0,8.0,2.0,2.0,4.75
2025-09-14,evening,1,1,6,14,9,1,0,3.0,1.0,1.0,2.0
2025-09-14,night,2,0,6,14,9,1,0,0.0,0.0,0.0,0.0
2025-09-15,day,0,8,0,15,9,0,0,7.0,8.0,7.0,4.75
2025-09-15,evening,1,3,0,15,9,0,0,3.0,2.0,3.0,2.0
2025-09-15,night,2,0,0,15,9,0,0,0.0,0.0,0.0,0.0
2025-09-16,day,0,8,1,16,9,0,0,2.0,10.0,8.0,5.0
2025-09-16,evening,1,4,1,16,9,0,0,1.0,2.0,3.0,2.25
2025-09-16,night,2,0,1,16,9,0,0,0.0,0.0,0.0,0.0
2025-09-17,day,0,9,2,17,9,0,0,2.0,9.0,8.0,6.75
2025-09-17,evening,1,4,2,17,9,0,0,1.0,2.0,4.0,3.0
2025-09-17,night,2,0,2,17,9,0,0,0.0,0.0,0.0,0.0
2025-09-18,day,0,8,3,18,9,0,0,8.0,9.0,8.0,8.25
2025-09-18,evening,1,4,3,18,9,0,0,3.0,2.0,3.0,3.75
2025-09-18,night,2,0,3,18,9,0,0,0.0,0.0,0.0,0.0
2025-09-19,day,0,8,4,19,9,0,0,8.0,8.0,7.0,8.25
2025-09-19,evening,1,4,4,19,9,0,0,4.0,3.0,2.0,4.0
2025-09-19,night,2,0,4,19,9,0,0,0.0,0.0,0.0,0.0
2025-09-20,day,0,2,5,20,9,1,0,9.0,2.0,2.0,6.75
2025-09-20,evening,1,1,5,20,9,1,0,4.0,1.0,1.0,3.25
2025-09-20,night,2,0,5,20,9,1,0,0.0,0.0,0.0,0.0
2025-09-21,day,0,2,6,21,9,1,0,8.0,2.0,2.0,5.0
2025-09-21,evening,1,1,6,21,9,1,0,4.0,1.0,1.0,2.5
2025-09-21,night,2,0,6,21,9,1,0,0.0,0.0,0.0,0.0
2025-09-22,day,0,9,0,22,9,0,0,8.0,1.0,7.0,5.25
2025-09-22,evening,1,3,0,22,9,0,0,4.0,3.0,4.0,2.25
2025-09-22,night,2,0,0,22,9,0,0,0.0,1.0,0.0,0.0
2025-09-23,day,0,10,1,23,9,0,0,2.0,7.0,1.0,5.75
2025-09-23,evening,1,3,1,23,9,0,0,1.0,3.0,2.0,2.0
2025-09-23,night,2,0,1,23,9,0,0,0.0,0.0,1.0,0.0
2025-09-24,day,0,11,2,24,9,0,0,2.0,8.0,7.0,8.0
2025-09-24,evening,1,3,2,24,9,0,0,1.0,3.0,4.0,2.5
2025-09-24,night,2,0,2,24,9,0,0,0.0,0.0,0.0,0.0
2025-09-25,day,0,10,3,25,9,0,0,9.0,7.0,7.0,10.0
2025-09-25,evening,1,3,3,25,9,0,0,3.0,2.0,3.0,3.0
2025-09-25,night,2,0,3,25,9,0,0,0.0,0.0,0.0,0.0
2025-09-26,day,0,9,4,26,9,0,0,10.0,7.0,8.0,10.0
2025-09-26,evening,1,3,4,26,9,0,0,3.0,1.0,2.0,3.0
2025-09-26,night,2,0,4,26,9,0,0,0.0,0.0,0.0,0.0
2025-09-27,day,0,3,5,27,9,1,0,11.0,1.0,2.0,8.25
2025-09-27,evening,1,1,5,27,9,1,0,3.0,2.0,1.0,2.5
2025-09-27,night,2,0,5,27,9,1,0,0.0,0.0,0.0,0.0
2025-09-28,day,0,2,6,28,9,1,0,10.0,1.0,2.0,6.0
2025-09-28,evening,1,1,6,28,9,1,0,3.0,2.0,1.0,2.0
2025-09-28,night,2,0,6,28,9,1,0,0.0,0.0,0.0,0.0
2025-09-29,day,0,9,0,29,9,0,0,9.0,6.0,7.0,5.75
2025-09-29,evening,1,3,0,29,9,0,0,3.0,3.0,2.0,2.0
2025-09-29,night,2,0,0,29,9,0,0,0.0,0.0,0.0,0.0
2025-09-30,day,0,10,1,30,9,0,0,3.0,6.0,8.0,6.0
2025-09-30,evening,1,3,1,30,9,0,0,1.0,3.0,2.0,2.0
2025-09-30,night,2,0,1,30,9,0,0,0.0,0.0,0.0,0.0
2025-10-01,day,0,11,2,1,10,0,0,2.0,8.0,8.0,8.0
2025-10-01,evening,1,3,2,1,10,0,0,1.0,3.0,2.0,2.5
2025-10-01,night,2,0,2,1,10,0,0,0.0,0.0,0.0,0.0
2025-10-02,day,0,10,3,2,10,0,0,9.0,8.0,7.0,10.0
2025-10-02,evening,1,2,3,2,10,0,0,3.0,3.0,3.0,2.75
2025-10-02,night,2,0,3,2,10,0,0,0.0,0.0,0.0,0.0
2025-10-03,day,0,8,4,3,10,0,0,10.0,7.0,6.0,9.75
2025-10-03,evening,1,3,4,3,10,0,0,3.0,3.0,2.0,2.75
2025-10-03,night,2,0,4,3,10,0,0,0.0,0.0,0.0,0.0
2025-10-04,day,0,2,5,4,10,1,0,11.0,2.0,2.0,7.75
2025-10-04,evening,1,1,5,4,10,1,0,3.0,1.0,1.0,2.25
2025-10-04,night,2,0,5,4,10,1,0,0.0,0.0,0.0,0.0
2025-10-05,day,0,2,6,5,10,1,0,10.0,2.0,2.0,5.5
2025-10-05,evening,1,1,6,5,10,1,0,2.0,1.0,1.0,1.75
2025-10-05,night,2,0,6,5,10,1,0,0.0,0.0,0.0,0.0
2025-10-06,day,0,8,0,6,10,0,0,8.0,8.0,7.0,5.0
2025-10-06,evening,1,3,0,6,10,0,0,3.0,3.0,2.0,2.0
2025-10-06,night,2,0,0,6,10,0,0,0.0,0.0,0.0,0.0
2025-10-07,day,0,10,1,7,10,0,0,2.0,8.0,8.0,5.5
2025-10-07,evening,1,3,1,7,10,0,0,1.0,4.0,2.0,2.0
2025-10-07,night,2,0,1,7,10,0,0,0.0,0.0,0.0,0.0
2025-10-08,day,0,11,2,8,10,0,0,2.0,9.0,8.0,7.75
2025-10-08,evening,1,3,2,8,10,0,0,1.0,4.0,3.0,2.5
2025-10-08,night,2,0,2,8,10,0,0,0.0,0.0,0.0,0.0
2025-10-09,day,0,10,3,9,10,0,0,8.0,8.0,8.0,9.75
2025-10-09,evening,1,3,3,9,10,0,0,3.0,4.0,2.0,3.0
2025-10-09,night,2,0,3,9,10,0,0,0.0,0.0,0.0,0.0
2025-10-10,day,0,9,4,10,10,0,0,10.0,8.0,7.0,10.0
2025-10-10,evening,1,3,4,10,10,0,0,3.0,4.0,2.0,3.0
2025-10-10,night,2,0,4,10,10,0,0,0.0,0.0,0.0,0.0
2025-10-11,day,0,2,5,11,10,1,0,11.0,2.0,2.0,8.0
2025-10-11,evening,1,1,5,11,10,1,0,3.0,1.0,1.0,2.5
2025-10-11,night,2,0,5,11,10,1,0,0.0,0.0,0.0,0.0
2025-10-12,day,0,2,6,12,10,1,0,10.0,2.0,2.0,5.75
2025-10-12,evening,1,1,6,12,10,1,0,3.0,1.0,1.0,2.0
2025-10-12,night,2,0,6,12,10,1,0,0.0,0.0,0.0,0.0
2025-10-13,day,0,2,0,13,10,0,0,9.0,9.0,7.0,3.75
2025-10-13,evening,1,3,0,13,10,0,0,3.0,3.0,2.0,2.0
2025-10-13,night,2,0,0,13,10,0,0,0.0,0.0,0.0,0.0
2025-10-14,day,0,10,1,14,10,0,0,2.0,10.0,8.0,4.0
2025-10-14,evening,1,2,1,14,10,0,0,1.0,3.0,2.0,1.75
2025-10-14,night,2,0,1,14,10,0,0,0.0,0.0,0.0,0.0
2025-10-15,day,0,12,2,15,10,0,0,2.0,11.0,8.0,6.5
2025-10-15,evening,1,2,2,15,10,0,0,1.0,3.0,2.0,2.0
2025-10-15,night,2,0,2,15,10,0,0,0.0,0.0,0.0,0.0
2025-10-16,day,0,11,3,16,10,0,0,2.0,10.0,8.0,8.75
2025-10-16,evening,1,2,3,16,10,0,0,3.0,3.0,1.0,2.25
2025-10-16,night,2,0,3,16,10,0,0,0.0,0.0,0.0,0.0
2025-10-17,day,0,10,4,17,10,0,0,10.0,9.0,7.0,10.75
2025-10-17,evening,1,2,4,17,10,0,0,2.0,3.0,2.0,2.0
2025-10-17,night,2,0,4,17,10,0,0,0.0,0.0,0.0,0.0
2025-10-18,day,0,2,5,18,10,1,0,12.0,3.0,2.0,8.75
2025-10-18,evening,1,1,5,18,10,1,0,2.0,1.0,1.0,1.75
2025-10-18,night,2,0,5,18,10,1,0,0.0,0.0,0.0,0.0
2025-10-19,day,0,2,6,19,10,1,0,11.0,2.0,2.0,6.25
2025-10-19,evening,1,1,6,19,10,1,0,2.0,1.0,1.0,1.5
2025-10-19,night,2,0,6,19,10,1,0,0.0,0.0,0.0,0.0
2025-10-20,day,0,9,0,20,10,0,0,10.0,9.0,8.0,5.75
2025-10-20,evening,1,1,0,20,10,0,0,2.0,3.0,4.0,1.25
2025-10-20,night,2,0,0,20,10,0,0,0.0,0.0,0.0,0.0
2025-10-21,day,0,10,1,21,10,0,0,2.0,10.0,9.0,5.75
2025-10-21,evening,1,3,1,21,10,0,0,1.0,3.0,4.0,1.5
2025-10-21,night,2,0,1,21,10,0,0,0.0,0.0,0.0,0.0
2025-10-22,day,0,11,2,22,10,0,0,2.0,11.0,10.0,8.0
2025-10-22,evening,1,3,2,22,10,0,0,1.0,3.0,4.0,2.0
2025-10-22,night,2,0,2,22,10,0,0,0.0,0.0,0.0,0.0
2025-10-23,day,0,11,3,23,10,0,0,9.0,10.0,9.0,10.25
2025-10-23,evening,1,3,3,23,10,0,0,1.0,2.0,3.0,2.5
2025-10-23,night,2,0,3,23,10,0,0,0.0,0.0,0.0,0.0
2025-10-24,day,0,9,4,24,10,0,0,10.0,8.0,8.0,10.25
2025-10-24,evening,1,3,4,24,10,0,0,3.0,3.0,4.0,3.0
2025-10-24,night,2,0,4,24,10,0,0,0.0,0.0,0.0,0.0
2025-10-25,day,0,2,5,25,10,1,0,11.0,2.0,2.0,8.25
2025-10-25,evening,1,1,5,25,10,1,0,3.0,1.0,1.0,2.5
2025-10-25,night,2,0,5,25,10,1,0,0.0,0.0,0.0,0.0
2025-10-26,day,0,2,6,26,10,1,0,11.0,2.0,2.0,6.0
2025-10-26,evening,1,1,6,26,10,1,0,3.0,1.0,1.0,2.0
2025-10-26,night,2,0,6,26,10,1,0,0.0,0.0,0.0,0.0
2025-10-27,day,0,10,0,27,10,0,0,9.0,8.0,1.0,5.75
2025-10-27,evening,1,2,0,27,10,0,0,3.0,3.0,3.0,1.75
2025-10-27,night,2,0,0,27,10,0,0,0.0,0.0,1.0,0.0
2025-10-28,day,0,11,1,28,10,0,0,2.0,10.0,7.0,6.25
2025-10-28,evening,1,2,1,28,10,0,0,1.0,3.0,4.0,1.5
2025-10-28,night,2,0,1,28,10,0,0,0.0,0.0,0.0,0.0
2025-10-29,day,0,13,2,29,10,0,0,2.0,11.0,7.0,9.0
2025-10-29,evening,1,2,2,29,10,0,0,1.0,3.0,4.0,1.75
2025-10-29,night,2,0,2,29,10,0,0,0.0,0.0,0.0,0.0
2025-10-30,day,0,11,3,30,10,0,0,10.0,10.0,8.0,11.25
2025-10-30,evening,1,1,3,30,10,0,0,2.0,3.0,4.0,1.75
2025-10-30,night,2,0,3,30,10,0,0,0.0,0.0,0.0,0.0
2025-10-31,day,0,9,4,31,10,0,0,11.0,9.0,7.0,11.0
2025-10-31,evening,1,2,4,31,10,0,0,2.0,3.0,4.0,1.75
2025-10-31,night,2,0,4,31,10,0,0,0.0,0.0,0.0,0.0
2025-11-01,day,0,2,5,1,11,1,0,13.0,2.0,2.0,8.75
2025-11-01,evening,1,1,5,1,11,1,0,2.0,1.0,1.0,1.5
2025-11-01,night,2,0,5,1,11,1,0,0.0,0.0,0.0,0.0
2025-11-02,day,0,2,6,2,11,1,0,11.0,2.0,2.0,6.0
2025-11-02,evening,1,1,6,2,11,1,0,1.0,1.0,1.0,1.25
2025-11-02,night,2,0,6,2,11,1,0,0.0,0.0,0.0,0.0
2025-11-03,day,0,8,0,3,11,0,0,9.0,2.0,7.0,5.25
2025-11-03,evening,1,2,0,3,11,0,0,2.0,3.0,3.0,1.5
2025-11-03,night,2,0,0,3,11,0,0,0.0,0.0,0.0,0.0
2025-11-04,day,0,10,1,4,11,0,0,2.0,10.0,8.0,5.5
2025-11-04,evening,1,2,1,4,11,0,0,1.0,2.0,4.0,1.5
2025-11-04,night,2,0,1,4,11,0,0,0.0,0.0,0.0,0.0
2025-11-05,day,0,11,2,5,11,0,0,2.0,12.0,9.0,7.75
2025-11-05,evening,1,2,2,5,11,0,0,1.0,2.0,2.0,1.75
2025-11-05,night,2,0,2,5,11,0,0,0.0,0.0,0.0,0.0
2025-11-06,day,0,10,3,6,11,0,0,8.0,11.0,8.0,9.75
2025-11-06,evening,1,2,3,6,11,0,0,2.0,2.0,3.0,2.0
2025-11-06,night,2,0,3,6,11,0,0,0.0,0.0,0.0,0.0
2025-11-07,day,0,9,4,7,11,0,0,10.0,10.0,7.0,10.0
2025-11-07,evening,1,2,4,7,11,0,0,2.0,2.0,2.0,2.0
2025-11-07,night,2,0,4,7,11,0,0,0.0,0.0,0.0,0.0
2025-11-08,day,0,2,5,8,11,1,0,11.0,2.0,2.0,8.0
2025-11-08,evening,1,1,5,8,11,1,0,2.0,1.0,1.0,1.75
2025-11-08,night,2,0,5,8,11,1,0,0.0,0.0,0.0,0.0
2025-11-09,day,0,2,6,9,11,1,0,10.0,2.0,2.0,5.75
2025-11-09,evening,1,1,6,9,11,1,0,2.0,1.0,1.0,1.5
2025-11-09,night,2,0,6,9,11,1,0,0.0,0.0,0.0,0.0
2025-11-10,day,0,9,0,10,11,0,0,9.0,9.0,7.0,5.5
2025-11-10,evening,1,2,0,10,11,0,0,2.0,1.0,3.0,1.5
2025-11-10,night,2,0,0,10,11,0,0,0.0,0.0,0.0,0.0
2025-11-11,day,0,7,1,11,11,0,0,2.0,10.0,8.0,5.0
2025-11-11,evening,1,1,1,11,11,0,0,1.0,3.0,3.0,1.25
2025-11-11,night,2,1,1,11,11,0,0,0.0,0.0,0.0,0.25
2025-11-12,day,0,11,2,12,11,0,0,2.0,11.0,8.0,7.25
2025-11-12,evening,1,2,2,12,11,0,0,1.0,3.0,4.0,1.5
2025-11-12,night,2,0,2,12,11,0,0,0.0,0.0,0.0,0.25
2025-11-13,day,0,9,3,13,11,0,0,9.0,11.0,8.0,9.0
2025-11-13,evening,1,2,3,13,11,0,0,2.0,3.0,3.0,1.75
2025-11-13,night,2,0,3,13,11,0,0,0.0,0.0,0.0,0.25
2025-11-14,day,0,9,4,14,11,0,0,7.0,9.0,7.0,9.0
2025-11-14,evening,1,2,4,14,11,0,0,1.0,3.0,3.0,1.75
2025-11-14,night,2,0,4,14,11,0,0,1.0,0.0,0.0,0.25
2025-11-15,day,0,2,5,15,11,1,0,11.0,2.0,2.0,7.75
2025-11-15,evening,1,1,5,15,11,1,0,2.0,1.0,1.0,1.75
2025-11-15,night,2,0,5,15,11,1,0,0.0,0.0,0.0,0.0
2025-11-16,day,0,2,6,16,11,1,0,9.0,2.0,2.0,5.5
2025-11-16,evening,1,1,6,16,11,1,0,2.0,1.0,1.0,1.5
2025-11-16,night,2,0,6,16,11,1,0,0.0,0.0,0.0,0.0
2025-11-17,day,0,10,0,17,11,0,0,9.0,10.0,8.0,5.75
2025-11-17,evening,1,2,0,17,11,0,0,2.0,2.0,2.0,1.5
2025-11-17,night,2,0,0,17,11,0,0,0.0,0.0,0.0,0.0
2025-11-18,day,0,11,1,18,11,0,0,2.0,11.0,10.0,6.25
2025-11-18,evening,1,2,1,18,11,0,0,1.0,2.0,2.0,1.5
2025-11-18,night,2,0,1,18,11,0,0,0.0,0.0,0.0,0.0
2025-11-19,day,0,12,2,19,11,0,0,2.0,13.0,9.0,8.75
2025-11-19,evening,1,2,2,19,11,0,0,1.0,2.0,2.0,1.75
2025-11-19,night,2,0,2,19,11,0,0,0.0,0.0,0.0,0.0
2025-11-20,day,0,11,3,20,11,0,0,10.0,11.0,9.0,11.0
2025-11-20,evening,1,2,3,20,11,0,0,2.0,1.0,2.0,2.0
2025-11-20,night,2,0,3,20,11,0,0,0.0,0.0,0.0,0.0
2025-11-21,day,0,9,4,21,11,0,0,11.0,9.0,8.0,10.75
2025-11-21,evening,1,2,4,21,11,0,0,2.0,2.0,3.0,2.0
2025-11-21,night,2,0,4,21,11,0,0,0.0,0.0,0.0,0.0
2025-11-22,day,0,2,5,22,11,1,0,12.0,2.0,2.0,8.5
2025-11-22,evening,1,1,5,22,11,1,0,2.0,1.0,1.0,1.75
2025-11-22,night,2,0,5,22,11,1,0,0.0,0.0,0.0,0.0
2025-11-23,day,0,2,6,23,11,1,0,11.0,2.0,2.0,6.0
2025-11-23,evening,1,1,6,23,11,1,0,2.0,1.0,1.0,1.5
2025-11-23,night,2,0,6,23,11,1,0,0.0,0.0,0.0,0.0
2025-11-24,day,0,10,0,24,11,0,0,9.0,8.0,1.0,5.75
2025-11-24,evening,1,2,0,24,11,0,0,2.0,2.0,3.0,1.5
2025-11-24,night,2,0,0,24,11,0,0,0.0,0.0,1.0,0.0
2025-11-25,day,0,11,1,25,11,0,0,2.0,10.0,7.0,6.25
2025-11-25,evening,1,2,1,25,11,0,0,1.0,2.0,3.0,1.5
2025-11-25,night,2,0,1,25,11,0,0,0.0,0.0,0.0,0.0
2025-11-26,day,0,12,2,26,11,0,0,2.0,11.0,8.0,8.75
2025-11-26,evening,1,2,2,26,11,0,0,1.0,2.0,3.0,1.75
2025-11-26,night,2,0,2,26,11,0,0,0.0,0.0,0.0,0.0
2025-11-27,day,0,11,3,27,11,0,0,10.0,10.0,7.0,11.0
2025-11-27,evening,1,2,3,27,11,0,0,2.0,2.0,2.0,2.0
2025-11-27,night,2,0,3,27,11,0,0,0.0,0.0,0.0,0.0
2025-11-28,day,0,10,4,28,11,0,0,11.0,9.0,7.0,11.0
2025-11-28,evening,1,2,4,28,11,0,0,2.0,2.0,1.0,2.0
2025-11-28,night,2,0,4,28,11,0,0,0.0,0.0,0.0,0.0
2025-11-29,day,0,2,5,29,11,1,0,12.0,2.0,1.0,8.75
2025-11-29,evening,1,1,5,29,11,1,0,2.0,1.0,2.0,1.75
2025-11-29,night,2,0,5,29,11,1,0,0.0,0.0,0.0,0.0
2025-11-30,day,0,2,6,30,11,1,0,11.0,2.0,1.0,6.25
2025-11-30,evening,1,1,6,30,11,1,0,2.0,1.0,2.0,1.5
2025-11-30,night,2,0,6,30,11,1,0,0.0,0.0,0.0,0.0
2025-12-01,day,0,10,0,1,12,0,0,10.0,9.0,6.0,6.0
2025-12-01,evening,1,3,0,1,12,0,0,2.0,2.0,3.0,1.75
2025-12-01,night,2,0,0,1,12,0,0,0.0,0.0,0.0,0.0
2025-12-02,day,0,12,1,2,12,0,0,2.0,7.0,6.0,6.5
2025-12-02,evening,1,2,1,2,12,0,0,1.0,1.0,3.0,1.75
2025-12-02,night,2,0,1,2,12,0,0,0.0,1.0,0.0,0.0
2025-12-03,day,0,12,2,3,12,0,0,2.0,11.0,8.0,9.0
2025-12-03,evening,1,2,2,3,12,0,0,1.0,2.0,3.0,2.0
2025-12-03,night,2,0,2,3,12,0,0,0.0,0.0,0.0,0.0
2025-12-04,day,0,11,3,4,12,0,0,10.0,9.0,8.0,11.25
2025-12-04,evening,1,2,3,4,12,0,0,3.0,2.0,3.0,2.25
2025-12-04,night,2,0,3,4,12,0,0,0.0,0.0,0.0,0.0
2025-12-05,day,0,10,4,5,12,0,0,12.0,9.0,7.0,11.25
2025-12-05,evening,1,2,4,5,12,0,0,2.0,2.0,3.0,2.0
2025-12-05,night,2,0,4,5,12,0,0,0.0,0.0,0.0,0.0
2025-12-06,day,0,2,5,6,12,1,0,12.0,2.0,2.0,8.75
2025-12-06,evening,1,1,5,6,12,1,0,2.0,1.0,1.0,1.75
2025-12-06,night,2,0,5,6,12,1,0,0.0,0.0,0.0,0.0
2025-12-07,day,0,2,6,7,12,1,0,11.0,2.0,2.0,6.25
2025-12-07,evening,1,1,6,7,12,1,0,2.0,1.0,1.0,1.5
2025-12-07,night,2,0,6,7,12,1,0,0.0,0.0,0.0,0.0
2025-12-08,day,0,10,0,8,12,0,0,10.0,10.0,8.0,6.0
2025-12-08,evening,1,2,0,8,12,0,0,2.0,2.0,3.0,1.5
2025-12-08,night,2,0,0,8,12,0,0,0.0,0.0,0.0,0.0
2025-12-09,day,0,11,1,9,12,0,0,2.0,11.0,8.0,6.25
2025-12-09,evening,1,2,1,9,12,0,0,1.0,2.0,4.0,1.5
2025-12-09,night,2,0,1,9,12,0,0,0.0,0.0,0.0,0.0
2025-12-10,day,0,12,2,10,12,0,0,2.0,12.0,9.0,8.75
2025-12-10,evening,1,2,2,10,12,0,0,1.0,2.0,4.0,1.75
2025-12-10,night,2,0,2,10,12,0,0,0.0,0.0,0.0,0.0
2025-12-11,day,0,10,3,11,12,0,0,10.0,11.0,8.0,10.75
2025-12-11,evening,1,2,3,11,12,0,0,2.0,2.0,4.0,2.0
2025-12-11,night,2,0,3,11,12,0,0,0.0,0.0,0.0,0.0
2025-12-12,day,0,9,4,12,12,0,0,11.0,9.0,8.0,10.5
2025-12-12,evening,1,2,4,12,12,0,0,2.0,2.0,4.0,2.0
2025-12-12,night,2,0,4,12,12,0,0,0.0,0.0,0.0,0.0
2025-12-13,day,0,2,5,13,12,1,0,12.0,2.0,2.0,8.25
2025-12-13,evening,1,1,5,13,12,1,0,2.0,1.0,1.0,1.75
2025-12-13,night,2,0,5,13,12,1,0,0.0,0.0,0.0,0.0
2025-12-14,day,0,2,6,14,12,1,0,10.0,2.0,2.0,5.75
2025-12-14,evening,1,1,6,14,12,1,0,2.0,1.0,1.0,1.5
2025-12-14,night,2,0,6,14,12,1,0,0.0,0.0,0.0,0.0
2025-12-15,day,0,10,0,15,12,0,0,9.0,10.0,9.0,5.75
2025-12-15,evening,1,2,0,15,12,0,0,2.0,2.0,3.0,1.5
2025-12-15,night,2,0,0,15,12,0,0,0.0,0.0,0.0,0.0
2025-12-16,day,0,10,1,16,12,0,0,2.0,11.0,10.0,6.0
2025-12-16,evening,1,2,1,16,12,0,0,1.0,2.0,3.0,1.5
2025-12-16,night,2,0,1,16,12,0,0,0.0,0.0,0.0,0.0
2025-12-17,day,0,11,2,17,12,0,0,2.0,12.0,11.0,8.25
2025-12-17,evening,1,2,2,17,12,0,0,1.0,2.0,3.0,1.75
2025-12-17,night,2,0,2,17,12,0,0,0.0,0.0,0.0,0.0
2025-12-18,day,0,9,3,18,12,0,0,10.0,11.0,10.0,10.0
2025-12-18,evening,1,2,3,18,12,0,0,2.0,2.0,3.0,2.0
2025-12-18,night,2,0,3,18,12,0,0,0.0,0.0,0.0,0.0
2025-12-19,day,0,8,4,19,12,0,0,10.0,10.0,9.0,9.5
2025-12-19,evening,1,2,4,19,12,0,0,2.0,2.0,3.0,2.0
2025-12-19,night,2,0,4,19,12,0,0,0.0,0.0,0.0,0.0
2025-12-20,day,0,2,5,20,12,1,0,11.0,2.0,3.0,7.5
2025-12-20,evening,1,1,5,20,12,1,0,2.0,1.0,1.0,1.75
2025-12-20,night,2,0,5,20,12,1,0,0.0,0.0,0.0,0.0
2025-12-21,day,0,2,6,21,12,1,0,9.0,2.0,2.0,5.25
2025-12-21,evening,1,1,6,21,12,1,0,2.0,1.0,1.0,1.5
2025-12-21,night,2,0,6,21,12,1,0,0.0,0.0,0.0,0.0
2025-12-22,day,0,9,0,22,12,0,0,8.0,10.0,9.0,5.25
2025-12-22,evening,1,2,0,22,12,0,0,2.0,3.0,3.0,1.5
2025-12-22,night,2,0,0,22,12,0,0,0.0,0.0,0.0,0.0
2025-12-23,day,0,10,1,23,12,0,0,2.0,12.0,10.0,5.75
2025-12-23,evening,1,2,1,23,12,0,0,1.0,2.0,3.0,1.5
2025-12-23,night,2,0,1,23,12,0,0,0.0,0.0,0.0,0.0
2025-12-24,day,0,10,2,24,12,0,0,2.0,12.0,11.0,7.75
2025-12-24,evening,1,2,2,24,12,0,0,1.0,2.0,3.0,1.75
2025-12-24,night,2,0,2,24,12,0,0,0.0,0.0,0.0,0.0
2025-12-25,day,0,1,3,25,12,0,0,9.0,11.0,10.0,7.5
2025-12-25,evening,1,2,3,25,12,0,0,2.0,2.0,2.0,2.0
2025-12-25,night,2,1,3,25,12,0,0,0.0,0.0,0.0,0.25
2025-12-26,day,0,1,4,26,12,0,0,10.0,10.0,8.0,5.5
2025-12-26,evening,1,2,4,26,12,0,0,2.0,2.0,3.0,2.0
2025-12-26,night,2,1,4,26,12,0,0,0.0,0.0,0.0,0.5
2025-12-27,day,0,2,5,27,12,1,0,10.0,2.0,2.0,3.5
2025-12-27,evening,1,1,5,27,12,1,0,2.0,1.0,1.0,1.75
2025-12-27,night,2,0,5,27,12,1,0,0.0,0.0,0.0,0.5
2025-12-28,day,0,2,6,28,12,1,0,1.0,2.0,2.0,1.5
2025-12-28,evening,1,1,6,28,12,1,0,2.0,1.0,1.0,1.5
2025-12-28,night,2,0,6,28,12,1,0,1.0,0.0,0.0,0.5
2025-12-29,day,0,9,0,29,12,0,0,1.0,10.0,8.0,3.5
2025-12-29,evening,1,2,0,29,12,0,0,2.0,2.0,3.0,1.5
2025-12-29,night,2,0,0,29,12,0,0,1.0,0.0,0.0,0.25
2025-12-30,day,0,10,1,30,12,0,0,2.0,11.0,10.0,5.75
2025-12-30,evening,1,2,1,30,12,0,0,1.0,2.0,3.0,1.5
2025-12-30,night,2,0,1,30,12,0,0,0.0,0.0,0.0,0.0
2025-12-31,day,0,11,2,31,12,0,0,2.0,12.0,11.0,8.0
2025-12-31,evening,1,2,2,31,12,0,0,1.0,2.0,3.0,1.75
2025-12-31,night,2,0,2,31,12,0,0,0.0,0.0,0.0,0.0
2026-01-01,day,0,1,3,1,1,0,0,9.0,10.0,10.0,7.75
2026-01-01,evening,1,0,3,1,1,0,0,2.0,2.0,3.0,1.5
2026-01-01,night,2,0,3,1,1,0,0,0.0,0.0,0.0,0.0
